usage_id,customer_id,usage_date,ai_requests,active_users,api_calls,hours_saved
1,455,2025-03-21,853,18,305,7.75
2,481,2026-08-13,887,20,325,9.14
3,400,2025-08-18,855,17,346,18.21
4,97,2025-02-12,870,14,317,7.28
5,25,2025-08-10,822,18,340,8.28
6,10,2025-07-18,861,17,336,18.24
7,3,2025-01-16,832,13,326,12.66
8,24,2026-02-19,851,12,307,7.22
9,304,2026-04-03,804,26,320,6.37
10,250,2025-03-05,883,9,293,14.3
11,404,2026-01-17,853,24,285,8.67
12,263,2026-02-21,829,20,327,19.5
13,39,2025-07-07,852,11,318,20.55
14,233,2026-05-02,867,14,333,13.52
15,243,2026-02-28,848,15,324,7.99
16,117,2025-03-10,870,15,328,14.33
17,256,2025-07-14,857,20,334,12.12
18,488,2025-10-11,903,11,308,19.62
19,352,2025-06-21,863,19,315,7.31
20,16,2026-06-17,864,23,305,9.43
21,371,2026-06-07,855,24,298,9.34
22,111,2025-01-09,818,16,327,13.62
23,341,2025-02-17,821,21,331,13.97
24,296,2026-07-10,813,21,287,5.74
25,336,2025-06-20,823,15,333,10.05
26,485,2026-03-28,790,18,331,14.4
27,205,2025-07-20,829,21,350,4.33
28,183,2026-02-20,835,17,330,9.05
29,171,2025-07-09,819,22,326,10.72
30,135,2025-09-19,856,16,309,16.07
31,499,2025-05-09,885,21,319,9.9
32,81,2025-06-28,872,19,341,16.22
33,10,2025-12-16,884,25,322,18.91
34,8,2026-02-09,853,24,326,14.54
35,290,2025-02-24,888,15,301,18.77
36,206,2025-04-04,793,19,321,10.05
37,120,2026-01-28,846,17,301,18.12
38,442,2025-07-18,833,17,327,7.4
39,460,2025-07-28,873,25,348,5.5
40,86,2026-02-26,860,25,304,13.12
41,91,2025-06-26,875,11,328,20.96
42,463,2025-01-24,883,20,306,21.02
43,410,2026-08-23,830,27,301,15.86
44,429,2025-08-14,826,16,299,13.92
45,237,2025-07-05,832,18,311,16.97
46,4,2025-03-29,822,17,314,19.78
47,113,2026-05-04,822,14,301,16.86
48,424,2025-08-10,829,17,336,20.6
49,13,2025-02-22,840,23,320,9.62
50,87,2026-07-19,791,13,306,11.99
51,339,2026-02-02,841,31,322,13.31
52,464,2026-06-22,869,17,318,14.1
53,127,2025-01-05,823,15,318,13.62
54,135,2025-12-03,866,19,326,11.7
55,431,2025-01-30,826,10,315,14.75
56,430,2025-11-04,859,12,309,18.66
57,147,2026-05-17,879,18,310,10.94
58,320,2025-04-10,904,11,347,21.29
59,55,2025-02-16,925,14,304,5.96
60,478,2025-08-04,851,23,339,13.79
61,472,2025-06-28,814,13,316,15.34
62,483,2025-09-17,828,15,308,11.53
63,443,2025-04-22,907,21,311,14.93
64,113,2026-03-02,846,19,323,8.05
65,318,2025-11-19,855,20,306,17.91
66,435,2025-06-06,875,17,319,17.98
67,47,2025-03-19,837,18,290,12.2
68,285,2026-03-29,823,14,352,8.3
69,94,2025-12-01,804,10,292,18.32
70,249,2025-11-05,834,27,327,4.76
71,237,2025-09-03,781,14,323,18.96
72,402,2025-12-03,836,15,354,18.94
73,275,2026-02-10,845,23,313,8.07
74,497,2026-08-13,865,26,321,13.39
75,338,2025-10-29,823,27,354,14.17
76,125,2025-08-15,864,19,314,6.04
77,295,2025-01-24,876,16,289,8.86
78,215,2025-03-24,829,21,317,15.71
79,427,2026-02-08,888,16,317,10.19
80,410,2026-05-17,898,15,300,13.63
81,369,2025-12-29,848,15,303,12.69
82,435,2026-05-19,825,21,315,14.51
83,410,2025-10-18,876,17,312,8.17
84,271,2025-07-03,877,18,335,8.84
85,35,2025-10-06,869,23,293,14.83
86,191,2025-06-09,826,16,301,9.29
87,93,2026-04-07,857,28,323,12.09
88,401,2026-05-16,800,18,333,17.74
89,23,2025-03-30,916,15,332,13.33
90,175,2026-06-16,886,19,296,11.67
91,154,2025-04-03,821,13,313,8.31
92,375,2025-06-17,869,23,305,16.99
93,488,2026-08-11,840,10,340,10.07
94,359,2025-07-07,847,18,329,9.75
95,373,2026-05-26,833,14,296,11.76
96,233,2025-07-29,897,12,292,11.59
97,124,2025-02-02,898,15,354,11.78
98,304,2026-08-07,794,25,305,5.41
99,71,2026-07-25,861,27,326,18.31
100,217,2026-05-11,882,19,335,16.01
101,298,2026-03-03,863,18,300,8.68
102,129,2025-02-16,832,13,347,15.87
103,442,2025-10-02,860,17,358,20.01
104,121,2025-07-04,788,15,292,9.52
105,460,2026-03-26,861,25,307,18.44
106,345,2025-01-04,834,21,315,6.37
107,308,2026-07-23,826,14,318,7.35
108,141,2025-07-30,839,22,315,17.85
109,351,2025-07-24,852,23,301,10.66
110,235,2026-02-03,895,22,354,22.05
111,256,2025-12-01,902,16,299,17.27
112,10,2025-03-11,850,24,356,10.83
113,340,2025-06-21,906,19,327,11.42
114,31,2026-02-25,827,19,320,4.75
115,179,2026-06-10,859,12,290,7.05
116,244,2025-05-15,861,13,330,21.31
117,316,2025-04-06,884,19,335,14.61
118,364,2026-03-08,844,16,326,18.08
119,252,2026-08-29,834,14,297,8.0
120,98,2025-12-16,878,26,297,10.83
121,74,2025-08-04,883,17,317,10.82
122,351,2025-09-26,830,19,331,10.23
123,248,2025-01-31,868,20,344,4.4
124,145,2026-08-04,864,18,350,6.06
125,397,2026-08-07,879,11,315,9.9
126,491,2025-06-29,874,19,283,15.87
127,414,2026-05-09,872,13,318,20.74
128,291,2026-07-07,790,25,354,4.55
129,496,2026-03-17,831,19,321,5.63
130,188,2026-01-07,836,20,313,17.42
131,389,2025-12-14,830,17,321,8.75
132,471,2026-06-05,804,19,314,15.09
133,455,2026-04-17,845,21,304,9.17
134,191,2025-08-13,832,20,315,4.84
135,184,2026-01-26,804,18,324,16.93
136,244,2025-07-22,822,21,297,6.38
137,286,2025-11-05,866,21,354,5.35
138,422,2026-05-13,857,20,314,10.07
139,137,2025-06-25,864,19,300,16.72
140,443,2025-08-21,844,18,311,7.77
141,4,2025-01-26,867,16,331,6.83
142,156,2026-04-23,829,16,317,5.86
143,300,2025-06-27,790,23,326,14.01
144,362,2025-06-23,867,23,343,18.68
145,249,2026-05-06,842,17,276,16.51
146,279,2025-03-24,832,20,323,4.3
147,477,2026-08-03,848,15,298,17.44
148,128,2025-10-24,862,16,347,16.2
149,345,2026-07-15,863,14,330,8.41
150,409,2025-01-10,834,21,302,13.75
151,287,2025-09-22,863,15,342,14.06
152,309,2026-06-08,833,26,318,19.16
153,34,2025-09-26,869,24,303,6.32
154,94,2025-08-25,829,14,333,7.74
155,103,2025-11-21,820,12,317,6.05
156,102,2025-02-13,908,14,307,17.16
157,148,2025-05-01,810,16,345,17.94
158,331,2026-02-05,874,19,317,15.99
159,97,2025-05-11,818,15,329,17.98
160,401,2025-11-24,854,21,351,16.75
161,87,2025-02-07,914,13,297,17.63
162,220,2026-04-21,883,17,317,14.36
163,40,2025-08-28,892,15,317,10.01
164,285,2026-07-22,837,18,319,15.76
165,409,2026-07-06,882,14,334,15.27
166,489,2025-04-01,838,23,317,9.25
167,451,2026-03-11,835,21,291,18.61
168,30,2026-06-19,887,21,352,21.58
169,437,2025-03-11,896,24,321,16.28
170,219,2025-05-11,895,14,321,20.88
171,38,2026-02-06,872,25,302,7.61
172,55,2026-06-03,878,17,338,8.67
173,428,2025-05-26,780,13,297,17.67
174,26,2026-02-21,907,20,304,17.16
175,118,2025-09-05,911,27,294,5.75
176,209,2026-06-25,827,16,337,9.19
177,240,2025-06-04,930,22,293,8.37
178,162,2025-07-31,804,26,325,10.55
179,308,2025-10-07,818,22,356,7.67
180,465,2025-06-13,910,11,369,12.05
181,400,2026-03-12,830,17,359,10.02
182,278,2025-04-10,872,21,300,12.89
183,217,2026-08-02,806,21,332,14.48
184,247,2025-02-19,809,19,310,16.24
185,230,2025-01-08,824,21,307,15.99
186,189,2025-08-07,862,17,320,15.95
187,272,2026-01-30,838,15,334,9.63
188,208,2026-06-24,818,19,320,19.25
189,3,2025-09-04,841,20,325,14.45
190,247,2025-08-01,904,21,308,17.57
191,133,2025-12-15,843,15,289,13.67
192,39,2026-05-08,888,16,290,12.01
193,101,2026-05-10,832,14,318,5.6
194,51,2026-05-28,812,10,308,14.75
195,58,2025-02-19,910,14,330,10.96
196,35,2025-12-23,817,9,321,18.02
197,119,2026-08-29,913,22,321,5.14
198,75,2025-06-16,834,20,317,12.93
199,23,2025-06-15,875,12,341,9.02
200,291,2025-07-11,888,20,276,5.09
201,198,2026-05-27,859,20,328,5.65
202,126,2025-05-06,861,15,313,5.92
203,472,2026-08-08,873,7,334,5.39
204,326,2026-01-16,819,14,321,12.22
205,376,2025-08-25,862,16,324,14.94
206,254,2026-08-09,861,16,344,9.31
207,459,2026-03-14,828,11,306,17.32
208,40,2026-04-20,890,21,322,21.53
209,303,2025-04-16,859,23,318,17.41
210,486,2025-04-16,866,14,308,6.53
211,19,2026-06-02,808,21,314,18.54
212,96,2025-04-15,859,20,289,15.13
213,291,2026-04-11,935,25,333,20.62
214,441,2025-08-14,788,21,302,4.84
215,63,2025-10-10,873,17,296,4.37
216,40,2025-07-22,795,22,303,12.6
217,285,2025-07-08,811,10,315,18.59
218,183,2025-05-30,830,17,290,16.49
219,183,2025-09-07,870,20,303,10.82
220,337,2026-01-19,818,13,321,10.67
221,476,2025-02-07,862,20,339,16.7
222,195,2026-04-21,886,15,316,20.29
223,317,2025-10-08,875,20,324,16.4
224,411,2026-04-16,815,21,319,16.74
225,180,2026-07-23,803,13,316,13.51
226,89,2025-10-18,828,13,294,8.12
227,36,2025-06-08,856,13,315,10.6
228,147,2025-04-29,833,15,314,16.05
229,154,2026-06-12,825,17,293,14.75
230,402,2025-01-18,856,13,320,5.87
231,381,2026-05-14,832,13,308,17.14
232,391,2025-01-15,786,17,295,15.88
233,245,2026-05-17,870,19,343,18.72
234,198,2026-06-24,817,24,309,7.48
235,29,2025-12-13,857,22,283,8.91
236,160,2026-06-01,851,11,329,7.04
237,445,2026-05-04,814,21,333,20.09
238,134,2025-07-12,904,15,329,9.86
239,22,2025-01-17,834,13,333,16.11
240,38,2026-03-15,842,20,329,12.58
241,64,2025-07-28,865,18,320,18.83
242,371,2025-10-18,845,19,320,15.19
243,347,2026-02-11,835,22,324,19.49
244,150,2025-06-27,882,21,293,7.8
245,209,2025-02-06,837,22,299,19.76
246,54,2025-10-31,851,21,314,8.05
247,244,2026-06-12,859,24,294,7.15
248,207,2026-06-20,828,18,305,14.64
249,483,2026-05-24,846,20,328,20.64
250,307,2026-04-25,843,21,293,11.78
251,50,2025-01-24,806,18,317,17.14
252,317,2025-05-11,859,20,284,13.63
253,141,2025-11-16,829,14,334,7.48
254,211,2025-09-07,819,12,327,12.98
255,249,2025-03-04,834,21,333,6.74
256,216,2026-04-16,851,22,319,5.57
257,43,2025-10-30,859,25,311,13.67
258,22,2026-01-16,841,18,311,19.69
259,381,2025-06-01,856,14,326,16.93
260,262,2025-11-26,843,10,321,6.8
261,410,2026-05-01,876,13,309,13.56
262,448,2025-03-13,861,18,329,5.74
263,6,2025-04-11,840,11,315,9.87
264,231,2025-10-19,818,17,315,14.02
265,82,2025-09-24,864,17,320,6.41
266,204,2026-07-10,861,16,313,14.08
267,498,2026-05-15,860,22,303,4.9
268,236,2025-02-15,816,22,289,13.37
269,329,2025-04-20,843,21,324,14.41
270,30,2026-05-22,816,18,337,14.33
271,431,2025-08-13,856,21,328,9.43
272,259,2026-02-27,847,18,319,12.15
273,469,2025-07-16,864,18,314,15.06
274,100,2025-11-16,875,20,307,14.12
275,388,2025-02-20,854,14,291,12.11
276,345,2025-07-19,879,15,316,5.53
277,229,2025-03-07,848,21,323,18.01
278,265,2026-06-16,833,17,314,4.87
279,448,2026-05-01,869,12,363,5.08
280,293,2025-02-16,802,14,344,12.29
281,254,2026-05-07,818,12,342,10.28
282,7,2025-01-07,868,18,281,7.67
283,195,2025-11-18,840,18,303,16.34
284,270,2025-12-31,830,13,321,11.27
285,458,2025-11-12,859,17,317,10.51
286,349,2025-05-07,859,17,328,14.83
287,470,2025-01-22,850,13,330,16.9
288,62,2025-07-06,893,25,342,12.25
289,5,2026-02-12,885,12,303,20.94
290,110,2025-02-21,850,17,331,12.75
291,258,2025-06-19,851,28,306,6.53
292,482,2025-06-15,906,21,289,13.54
293,301,2025-07-22,842,13,289,5.12
294,424,2026-05-10,865,19,315,8.08
295,98,2025-08-30,866,13,312,8.52
296,40,2025-10-24,853,22,342,9.36
297,404,2026-03-06,862,14,299,12.69
298,372,2025-06-27,827,38,337,10.6
299,1,2026-02-27,835,16,286,16.41
300,375,2025-09-26,844,16,312,15.65
301,228,2025-12-05,862,16,339,7.11
302,389,2025-06-18,852,13,315,10.33
303,419,2026-02-21,888,21,330,5.49
304,499,2026-06-11,876,16,338,11.23
305,215,2026-08-29,879,15,292,8.93
306,102,2026-02-21,832,16,314,18.76
307,269,2025-02-15,805,15,292,7.73
308,14,2025-07-12,867,19,298,21.54
309,101,2026-02-26,797,24,317,16.28
310,246,2026-06-11,867,18,321,7.55
311,408,2025-12-14,833,24,320,4.31
312,380,2026-08-01,860,17,328,18.37
313,210,2025-06-21,854,18,303,17.12
314,332,2026-01-05,880,15,317,14.46
315,177,2025-04-05,824,20,302,6.76
316,30,2025-09-06,807,17,328,19.92
317,248,2026-05-02,863,22,309,15.4
318,201,2026-07-21,804,21,331,8.23
319,246,2026-06-21,928,20,331,22.31
320,2,2025-12-10,817,16,346,7.99
321,266,2025-07-24,824,21,313,16.03
322,380,2025-04-04,836,26,323,8.38
323,100,2026-07-28,785,14,325,18.62
324,266,2025-10-25,826,15,277,15.72
325,149,2025-04-08,824,11,314,12.66
326,376,2026-03-03,839,16,284,20.25
327,145,2025-11-20,809,15,327,5.57
328,54,2026-04-23,871,20,349,6.59
329,53,2026-01-05,846,16,323,16.45
330,292,2025-12-16,859,21,339,5.99
331,104,2026-02-18,837,21,317,17.24
332,335,2025-01-05,820,19,319,6.19
333,346,2026-02-26,860,16,328,16.38
334,151,2025-06-22,905,24,303,18.17
335,166,2025-10-07,836,19,322,19.25
336,72,2026-08-14,817,14,296,5.86
337,330,2025-04-01,849,14,316,15.07
338,1,2025-12-28,829,24,340,9.81
339,351,2025-07-05,849,12,329,10.99
340,49,2025-03-19,896,17,315,6.38
341,203,2026-05-04,834,15,334,12.81
342,161,2026-01-04,864,22,333,17.63
343,180,2026-03-12,864,14,314,12.02
344,89,2025-12-05,827,20,325,15.89
345,474,2025-05-20,875,20,329,13.79
346,28,2025-05-25,841,19,316,12.04
347,476,2025-08-16,849,18,295,10.93
348,404,2026-04-22,834,22,355,17.84
349,227,2025-06-01,883,18,311,13.14
350,499,2026-02-20,908,27,312,18.53
351,387,2025-07-04,886,19,306,11.09
352,327,2025-01-31,836,20,312,4.49
353,59,2026-01-12,872,14,344,14.08
354,185,2026-03-11,843,16,345,7.21
355,469,2025-06-20,867,15,314,6.62
356,483,2026-05-05,860,24,302,13.0
357,216,2025-12-10,896,27,324,11.31
358,389,2026-01-08,886,24,371,15.06
359,404,2025-05-04,809,16,329,5.28
360,487,2026-04-23,840,25,305,14.0
361,102,2025-09-22,845,19,298,17.31
362,342,2025-10-19,837,18,352,19.37
363,386,2025-09-02,845,18,346,14.95
364,270,2025-07-08,781,22,320,6.26
365,382,2025-05-28,855,15,328,12.58
366,433,2026-05-20,885,14,297,17.88
367,435,2026-03-17,856,16,341,10.73
368,106,2026-04-12,833,16,312,10.93
369,207,2025-08-19,845,21,317,13.58
370,429,2025-04-17,838,18,273,9.3
371,428,2025-10-16,885,20,317,14.83
372,233,2025-05-08,850,10,321,10.49
373,273,2026-05-01,826,15,343,13.41
374,292,2026-01-03,847,18,339,15.33
375,305,2026-08-31,859,23,325,14.24
376,1,2026-02-28,878,14,321,20.86
377,326,2025-07-16,832,15,313,14.63
378,163,2025-05-08,895,20,323,17.53
379,398,2026-03-11,804,18,305,9.78
380,327,2025-02-05,894,18,340,21.21
381,470,2025-06-11,882,18,341,18.31
382,148,2026-07-08,879,22,337,9.08
383,221,2026-04-13,820,28,347,7.52
384,112,2025-05-28,868,19,309,20.88
385,4,2026-02-06,841,11,363,14.99
386,218,2025-03-01,904,15,297,21.03
387,117,2025-08-14,907,15,340,19.98
388,262,2025-12-16,813,20,321,6.27
389,327,2025-02-18,858,16,301,13.77
390,11,2025-11-27,869,19,314,21.49
391,204,2025-11-09,819,16,328,8.36
392,77,2025-05-16,807,21,319,13.38
393,352,2025-04-03,840,21,280,5.65
394,106,2026-05-27,855,27,311,11.07
395,112,2025-01-23,878,23,322,4.85
396,365,2025-06-21,878,10,305,16.06
397,354,2025-11-12,887,14,329,9.66
398,92,2025-02-06,815,17,314,7.7
399,113,2025-06-22,857,21,319,15.49
400,118,2026-08-28,858,22,334,17.54
401,27,2025-12-27,808,17,326,8.74
402,158,2025-08-04,834,22,315,14.16
403,164,2025-02-16,876,21,277,6.78
404,346,2025-03-17,878,24,324,15.8
405,369,2026-06-04,870,21,318,18.85
406,371,2025-02-05,819,19,325,8.75
407,3,2026-08-30,889,12,297,11.12
408,44,2025-09-21,827,15,325,18.25
409,30,2026-01-19,832,21,321,16.31
410,92,2026-05-18,830,23,307,7.86
411,289,2026-04-03,858,13,353,13.67
412,451,2026-08-15,872,20,307,13.07
413,163,2025-04-04,916,19,310,6.22
414,127,2026-02-23,865,17,313,11.72
415,480,2026-08-29,848,23,344,6.59
416,229,2026-01-28,877,22,298,20.1
417,196,2025-04-30,832,20,334,11.86
418,235,2025-06-05,879,23,329,14.22
419,203,2026-01-14,864,23,324,11.14
420,75,2026-04-03,806,23,345,11.99
421,214,2025-07-05,878,22,328,5.99
422,127,2026-07-05,833,17,333,12.62
423,421,2026-07-08,839,24,305,18.36
424,102,2026-07-31,820,14,312,9.3
425,131,2025-09-20,846,16,324,15.06
426,457,2025-08-01,861,22,342,5.8
427,269,2026-06-23,867,13,336,6.46
428,321,2025-10-18,884,17,350,11.39
429,252,2025-10-11,870,13,324,20.49
430,161,2025-07-08,826,18,274,13.45
431,496,2025-08-13,817,25,326,9.61
432,380,2025-04-24,842,20,325,18.5
433,167,2025-08-09,857,11,312,21.14
434,484,2025-12-15,819,18,339,16.13
435,294,2026-06-23,811,19,361,10.12
436,75,2025-06-04,847,18,304,4.84
437,475,2026-01-02,770,19,320,15.52
438,473,2025-07-11,928,22,322,18.71
439,241,2026-07-12,912,22,334,4.62
440,58,2025-05-13,794,15,331,13.7
441,263,2026-05-10,835,12,342,13.41
442,92,2025-03-28,851,19,341,4.35
443,176,2026-04-09,865,20,335,19.12
444,140,2026-02-12,837,10,285,15.74
445,488,2025-12-16,869,11,311,18.35
446,106,2025-11-02,868,16,320,16.56
447,112,2025-03-05,837,24,330,16.51
448,73,2026-01-25,845,20,314,5.03
449,333,2026-05-02,871,20,298,7.22
450,22,2025-06-21,818,21,325,18.33
451,192,2026-05-05,882,21,313,15.2
452,378,2025-01-08,862,17,315,7.2
453,44,2026-08-19,828,26,302,16.92
454,346,2025-10-26,814,7,297,4.33
455,10,2025-04-30,864,23,344,21.4
456,387,2025-07-24,827,23,293,20.58
457,375,2025-01-13,848,22,308,6.14
458,178,2026-01-30,825,22,306,20.2
459,404,2025-12-17,854,22,323,9.79
460,133,2026-01-28,837,17,288,11.24
461,458,2025-12-14,853,17,333,14.85
462,198,2025-10-10,883,13,323,14.46
463,242,2025-09-19,882,14,303,15.1
464,319,2025-07-30,843,22,326,18.53
465,192,2025-09-24,867,11,320,13.63
466,189,2026-04-09,821,19,329,16.08
467,435,2025-04-06,813,18,332,7.28
468,411,2026-06-09,856,22,311,12.61
469,30,2026-08-06,769,23,332,19.03
470,455,2026-01-30,882,16,327,17.32
471,266,2025-08-24,792,12,328,17.89
472,393,2026-04-05,826,17,327,19.33
473,349,2025-08-03,856,17,321,5.68
474,453,2026-02-09,842,19,327,10.9
475,58,2025-12-01,856,17,297,12.0
476,138,2025-06-26,901,14,368,20.31
477,382,2026-07-16,862,21,333,6.92
478,416,2026-06-19,879,19,307,17.47
479,490,2025-03-02,828,12,293,13.55
480,137,2025-07-23,826,16,355,12.63
481,275,2026-03-15,795,26,310,8.17
482,250,2025-06-22,854,18,323,16.01
483,101,2025-07-18,904,18,344,15.84
484,283,2026-04-27,933,11,300,19.99
485,164,2025-08-10,873,20,330,21.32
486,47,2025-12-08,834,16,327,5.77
487,430,2025-02-16,862,16,305,10.17
488,1,2026-01-14,885,21,322,21.36
489,475,2026-07-04,839,14,338,8.02
490,419,2025-04-23,830,13,285,13.68
491,107,2025-01-16,903,15,262,8.74
492,352,2025-04-02,876,16,318,8.08
493,490,2025-07-18,824,17,330,12.41
494,446,2026-07-02,884,20,346,12.34
495,215,2026-02-27,870,20,327,19.63
496,220,2025-07-18,859,12,275,9.34
497,270,2026-07-21,836,17,302,6.83
498,92,2025-12-31,842,20,326,6.2
499,352,2026-07-04,912,21,308,10.48
500,362,2025-01-23,853,19,351,11.68
501,305,2026-06-20,868,18,318,20.76
502,296,2025-11-12,892,13,307,10.14
503,210,2025-08-23,840,15,296,12.21
504,494,2025-02-22,816,21,303,13.68
505,426,2025-07-05,848,27,330,18.23
506,163,2026-07-31,825,16,310,6.62
507,37,2025-11-26,867,13,330,11.39
508,221,2026-05-18,846,20,331,15.8
509,246,2026-01-05,858,23,301,8.01
510,245,2025-08-25,865,21,319,10.3
511,216,2026-01-25,875,16,289,9.55
512,309,2026-05-22,861,19,334,6.63
513,33,2026-04-17,856,26,278,13.9
514,126,2025-10-12,872,18,321,10.38
515,126,2026-07-04,823,13,332,11.22
516,495,2025-12-25,846,13,359,13.18
517,283,2025-01-22,822,19,312,10.37
518,356,2025-01-30,888,25,332,20.76
519,457,2025-05-15,850,22,336,6.92
520,293,2026-01-14,861,16,317,20.46
521,173,2025-01-09,864,18,321,8.21
522,129,2025-02-01,867,13,333,9.23
523,102,2025-10-05,821,25,344,13.6
524,224,2025-05-24,872,22,314,16.76
525,217,2025-03-28,849,23,303,9.76
526,337,2026-05-01,836,18,339,13.13
527,230,2025-03-29,772,18,291,17.2
528,484,2025-11-23,844,22,311,7.99
529,275,2025-07-09,864,21,303,12.85
530,121,2025-09-06,858,20,308,13.88
531,427,2026-08-20,824,22,320,13.86
532,251,2025-02-12,916,20,312,10.47
533,336,2025-06-11,832,16,321,16.05
534,224,2025-10-28,840,18,301,12.78
535,178,2026-07-06,910,18,355,11.44
536,35,2026-04-06,898,22,319,15.69
537,468,2025-02-19,903,17,297,13.89
538,327,2025-10-11,876,20,332,8.75
539,374,2026-01-03,847,14,328,12.61
540,431,2025-08-05,830,24,299,17.01
541,402,2026-07-01,876,17,281,17.41
542,85,2025-08-26,859,19,305,4.55
543,127,2025-01-13,888,12,284,21.73
544,363,2025-02-15,836,13,320,19.17
545,380,2026-03-14,858,21,324,5.08
546,474,2025-05-05,860,17,333,10.54
547,472,2025-10-09,829,18,318,18.72
548,421,2026-01-01,818,23,296,4.84
549,98,2025-03-05,820,9,299,13.67
550,160,2026-06-12,855,14,323,5.53
551,235,2025-12-15,848,22,312,5.81
552,262,2026-01-24,888,15,321,15.6
553,245,2026-03-09,841,19,350,12.33
554,181,2026-05-18,836,16,330,20.21
555,282,2026-05-24,892,14,316,16.1
556,76,2026-08-31,836,18,333,8.09
557,459,2025-06-25,864,20,292,6.36
558,35,2026-07-08,829,13,338,4.88
559,247,2025-06-25,847,19,337,4.83
560,201,2026-03-21,863,17,314,13.93
561,164,2026-08-29,833,21,311,8.94
562,152,2025-09-08,879,17,353,17.63
563,133,2025-04-05,809,10,329,9.28
564,221,2025-02-04,887,22,339,16.82
565,303,2025-02-18,853,19,332,13.2
566,374,2025-09-19,798,25,350,6.86
567,462,2026-06-29,842,14,309,10.53
568,336,2025-09-01,859,18,306,19.6
569,333,2026-06-18,814,23,296,18.31
570,95,2025-11-24,876,23,319,4.95
571,240,2026-07-03,849,15,349,9.0
572,285,2025-10-05,802,24,330,11.53
573,480,2025-09-29,830,18,330,20.7
574,40,2025-10-20,821,15,327,6.9
575,174,2026-08-24,873,20,323,8.39
576,465,2025-03-26,876,15,337,13.54
577,303,2025-10-14,794,15,333,12.71
578,280,2026-05-13,822,20,318,16.31
579,442,2026-07-16,817,20,348,15.04
580,460,2026-01-09,896,20,320,19.78
581,488,2026-05-17,849,23,323,13.8
582,347,2025-01-01,883,22,334,7.08
583,171,2025-03-21,861,16,324,12.67
584,263,2026-06-11,868,22,296,9.17
585,24,2026-01-11,858,20,340,7.26
586,114,2026-07-04,856,18,353,7.92
587,378,2025-10-04,873,19,306,11.11
588,279,2025-09-11,854,15,337,5.6
589,7,2026-08-06,926,22,321,11.68
590,419,2025-11-19,908,27,309,17.7
591,147,2025-12-27,841,19,320,18.92
592,215,2026-07-02,821,17,316,16.12
593,109,2025-07-25,877,19,337,10.8
594,418,2025-07-30,828,22,315,17.63
595,341,2025-07-26,821,19,320,5.73
596,289,2026-02-06,822,22,327,11.6
597,18,2026-07-11,848,10,342,8.26
598,193,2025-11-15,828,21,328,5.59
599,488,2026-05-21,838,20,285,12.93
600,306,2025-01-06,879,25,285,18.76
601,278,2025-12-23,827,15,304,4.22
602,36,2026-03-16,851,25,328,11.39
603,380,2025-04-27,809,12,326,13.85
604,434,2025-07-30,900,22,301,9.77
605,250,2026-06-26,841,18,316,17.64
606,383,2026-02-04,873,25,291,15.36
607,9,2026-06-17,870,14,314,14.79
608,475,2026-03-19,858,17,328,6.53
609,412,2025-04-18,836,13,318,11.13
610,91,2026-05-16,880,15,338,18.43
611,112,2026-01-30,849,17,317,20.93
612,115,2025-05-16,867,20,316,9.5
613,333,2026-04-16,849,19,322,11.67
614,254,2026-04-24,780,17,322,12.12
615,332,2025-07-16,848,19,318,7.05
616,335,2025-05-05,860,19,318,8.82
617,289,2025-09-21,833,15,342,16.04
618,179,2026-02-12,837,23,319,7.93
619,286,2025-03-23,832,18,319,20.01
620,144,2026-02-27,827,13,329,18.51
621,394,2025-10-19,842,20,332,6.2
622,454,2025-05-09,874,17,328,16.76
623,204,2026-03-28,888,20,324,10.23
624,134,2025-09-30,839,19,326,4.82
625,59,2026-05-24,869,18,305,4.79
626,32,2026-04-13,794,23,315,14.84
627,96,2025-08-22,839,19,300,10.67
628,59,2025-09-28,825,16,286,10.76
629,382,2026-07-26,879,21,302,13.7
630,22,2026-02-25,874,23,317,9.97
631,116,2025-02-01,846,19,305,6.12
632,198,2025-02-04,874,16,311,21.27
633,45,2025-09-16,865,21,322,7.24
634,198,2026-07-01,864,18,307,17.82
635,163,2026-06-24,883,23,341,8.26
636,297,2025-12-06,904,17,338,6.04
637,339,2026-08-15,810,17,304,12.1
638,160,2025-10-25,817,20,331,9.39
639,387,2025-01-23,896,19,304,6.09
640,303,2026-07-05,846,15,341,9.43
641,477,2025-07-26,881,14,326,5.25
642,82,2026-03-16,898,12,319,15.3
643,86,2025-07-18,837,11,289,19.35
644,38,2025-12-29,846,18,342,17.06
645,353,2025-11-28,836,23,324,17.37
646,22,2026-05-31,841,13,315,6.04
647,499,2025-10-21,801,13,290,5.3
648,127,2025-09-28,802,24,303,7.52
649,47,2026-01-09,849,19,337,7.62
650,322,2025-07-30,873,20,349,6.78
651,159,2026-06-16,846,26,326,13.97
652,400,2025-03-25,835,13,337,6.93
653,94,2026-05-23,850,22,310,5.0
654,322,2026-05-17,823,28,324,20.34
655,198,2025-10-03,884,18,332,22.08
656,97,2026-08-17,852,21,289,7.7
657,273,2025-05-31,832,17,292,7.98
658,49,2025-01-13,850,23,298,16.77
659,136,2025-05-19,806,11,300,9.43
660,204,2026-08-04,887,20,311,13.73
661,186,2025-03-29,847,13,337,18.5
662,186,2025-11-17,834,13,326,19.51
663,368,2026-06-12,866,18,318,15.29
664,448,2025-02-10,842,16,310,15.01
665,162,2026-05-28,868,20,297,20.73
666,22,2026-01-14,848,16,291,17.53
667,67,2026-01-08,826,20,308,19.15
668,397,2025-02-03,831,23,322,4.82
669,69,2026-06-11,844,8,318,11.03
670,295,2025-03-19,855,15,307,10.01
671,367,2025-02-06,820,22,349,7.08
672,220,2025-04-19,856,20,318,8.21
673,422,2026-06-16,868,22,335,21.21
674,458,2025-08-08,872,23,314,15.9
675,369,2025-03-26,854,18,337,5.47
676,52,2026-08-30,863,19,321,20.17
677,380,2025-04-24,834,18,334,9.66
678,157,2025-05-25,888,17,292,19.59
679,62,2025-10-21,806,23,305,15.02
680,249,2026-03-18,829,17,323,18.64
681,105,2025-09-28,880,22,365,5.1
682,449,2026-02-05,841,20,348,8.4
683,470,2025-06-02,861,16,315,5.5
684,55,2026-02-09,853,9,318,15.45
685,39,2026-06-29,846,22,284,17.39
686,68,2026-05-01,881,29,325,12.69
687,275,2026-08-31,833,26,345,8.72
688,406,2026-03-26,821,23,305,7.2
689,370,2025-12-29,832,10,306,19.74
690,465,2025-06-05,876,13,311,12.08
691,116,2025-10-16,858,19,346,12.15
692,409,2025-06-05,821,14,318,14.28
693,440,2025-09-15,827,13,322,15.76
694,395,2025-03-24,911,26,319,20.41
695,235,2025-05-12,814,21,323,19.72
696,110,2025-02-04,843,21,326,20.08
697,421,2025-06-27,808,21,310,16.44
698,124,2025-08-12,838,7,330,5.35
699,437,2025-03-06,843,17,328,6.06
700,286,2026-06-07,857,21,308,13.79
701,239,2025-05-09,873,19,321,13.6
702,131,2026-06-12,859,26,314,21.12
703,368,2025-07-14,841,12,328,11.18
704,450,2026-02-04,885,20,326,4.77
705,25,2025-12-08,881,13,336,11.05
706,65,2026-04-30,823,15,299,6.15
707,100,2025-01-20,811,16,331,7.85
708,206,2026-07-14,858,26,298,8.3
709,265,2025-11-02,877,23,308,18.48
710,72,2025-12-13,841,19,360,7.35
711,491,2026-02-12,832,27,316,4.64
712,500,2025-08-16,822,29,309,17.25
713,472,2026-02-14,842,19,345,11.36
714,392,2025-08-05,842,24,305,4.89
715,386,2025-09-26,835,17,303,20.67
716,389,2025-05-17,879,11,304,11.23
717,310,2026-07-30,883,21,306,18.04
718,32,2025-09-23,839,21,334,9.36
719,86,2025-10-30,822,20,300,10.67
720,400,2026-04-29,805,22,301,18.46
721,75,2025-05-10,840,26,320,4.46
722,196,2026-02-24,821,20,342,5.84
723,287,2026-03-18,842,14,316,5.23
724,177,2025-11-17,843,21,319,14.75
725,423,2026-06-03,825,11,321,18.4
726,310,2025-02-06,826,24,306,16.12
727,84,2025-11-02,873,15,335,11.53
728,76,2025-05-25,864,24,373,9.34
729,282,2026-01-29,892,11,303,7.16
730,108,2026-03-06,850,20,304,21.07
731,15,2025-01-29,833,16,344,16.43
732,354,2026-05-28,848,17,267,7.91
733,112,2025-10-16,827,22,333,5.4
734,217,2026-03-26,848,20,328,12.7
735,459,2026-06-16,834,22,288,5.81
736,315,2025-05-15,868,19,315,16.16
737,249,2025-06-03,871,21,318,17.4
738,314,2026-03-02,867,19,308,9.43
739,413,2025-10-19,878,17,318,12.67
740,427,2025-08-10,837,20,308,20.27
741,294,2026-04-06,796,14,360,16.54
742,409,2026-04-12,871,25,314,14.32
743,114,2025-01-22,864,20,336,6.07
744,478,2025-12-06,866,13,326,6.96
745,22,2026-08-22,830,17,313,5.33
746,408,2025-11-19,860,20,333,17.09
747,193,2026-06-05,799,15,303,16.73
748,264,2025-08-21,885,18,366,17.03
749,159,2026-07-01,891,31,322,6.4
750,278,2026-07-23,856,21,298,12.07
751,127,2025-04-03,831,12,323,9.62
752,335,2025-10-20,880,15,330,15.14
753,175,2025-02-26,846,13,309,10.51
754,485,2025-11-01,851,17,322,12.95
755,335,2026-06-06,859,13,312,10.29
756,14,2025-05-17,879,11,292,5.14
757,277,2025-07-11,799,22,328,18.54
758,72,2025-09-06,870,22,330,10.69
759,142,2025-03-30,814,17,318,9.98
760,46,2025-01-12,817,17,324,18.68
761,142,2025-02-26,829,22,335,20.48
762,375,2026-03-27,806,17,309,9.88
763,313,2025-08-05,900,14,332,12.11
764,399,2025-02-27,839,23,318,8.81
765,5,2025-07-02,780,20,312,8.82
766,406,2025-01-14,875,13,321,4.47
767,113,2026-06-12,851,14,283,17.93
768,407,2026-04-02,919,16,288,16.83
769,398,2025-07-08,839,15,318,12.53
770,166,2026-01-20,837,19,374,19.0
771,288,2025-04-15,891,12,286,13.45
772,51,2025-12-21,807,22,343,16.27
773,475,2025-06-14,826,13,318,13.0
774,41,2026-01-18,812,18,301,6.36
775,354,2025-12-07,867,19,311,7.64
776,457,2026-05-05,883,21,328,11.66
777,149,2026-04-19,815,11,322,14.95
778,29,2025-02-13,858,17,314,4.86
779,254,2025-06-17,835,15,331,8.4
780,61,2025-01-08,916,16,336,19.79
781,37,2026-01-13,823,20,322,14.54
782,155,2026-05-24,825,22,322,17.34
783,216,2025-07-04,800,22,325,15.02
784,303,2025-06-08,868,19,306,6.53
785,432,2025-02-16,830,22,352,18.14
786,455,2025-09-30,876,16,349,9.22
787,163,2026-04-09,846,14,317,16.49
788,443,2026-07-06,816,18,316,18.86
789,394,2025-01-08,879,16,309,11.03
790,308,2025-01-26,874,22,306,21.69
791,323,2025-10-20,845,21,322,4.45
792,84,2026-01-29,845,23,302,10.39
793,60,2025-09-11,820,18,321,14.07
794,293,2025-03-07,810,18,317,14.45
795,211,2026-05-22,880,18,347,10.24
796,80,2025-05-15,883,15,318,7.34
797,317,2025-11-10,858,26,336,18.58
798,388,2025-04-26,842,19,345,13.59
799,385,2026-08-07,866,26,315,13.09
800,11,2026-02-10,881,12,320,13.37
801,109,2026-08-26,835,13,321,11.47
802,465,2025-10-06,879,17,337,5.24
803,446,2025-07-29,835,15,343,20.52
804,177,2025-12-16,838,20,318,19.22
805,170,2025-12-02,884,20,287,15.3
806,477,2025-04-30,804,19,343,15.31
807,431,2025-08-22,847,25,315,7.69
808,171,2026-04-23,836,19,340,17.27
809,311,2026-03-21,877,13,333,16.88
810,216,2026-03-16,876,23,329,7.53
811,82,2026-06-24,837,21,308,9.79
812,239,2025-03-18,803,17,310,12.91
813,171,2025-05-25,862,24,321,7.96
814,184,2025-02-28,815,14,304,8.89
815,362,2026-05-12,909,26,319,19.57
816,443,2025-02-04,858,25,307,16.42
817,96,2026-03-15,841,27,322,12.82
818,170,2026-02-15,887,22,311,12.35
819,366,2025-01-03,826,21,301,15.87
820,494,2025-08-29,859,19,342,10.51
821,74,2025-08-04,855,19,305,5.82
822,444,2026-01-08,854,20,312,8.65
823,90,2026-03-10,843,13,272,12.11
824,323,2025-10-06,877,19,334,7.14
825,424,2026-07-24,853,20,323,17.05
826,407,2026-05-29,874,15,325,9.08
827,404,2025-09-23,871,20,313,4.56
828,56,2025-07-03,847,15,306,13.21
829,121,2025-08-18,863,16,352,13.19
830,393,2026-07-14,840,19,311,11.87
831,348,2025-05-16,861,16,298,20.45
832,482,2025-12-04,907,24,332,21.59
833,138,2026-05-08,839,11,310,9.92
834,75,2025-07-31,858,15,334,7.38
835,411,2026-07-03,838,14,303,17.47
836,179,2026-07-11,850,32,323,20.83
837,39,2025-04-19,823,15,322,5.98
838,98,2026-05-13,876,22,335,6.48
839,98,2025-04-27,806,16,332,5.32
840,162,2025-05-21,875,25,309,17.27
841,129,2025-01-10,858,25,299,17.63
842,197,2025-05-19,864,19,317,20.14
843,84,2026-07-21,850,16,291,18.36
844,238,2026-05-03,812,22,311,13.8
845,492,2026-04-22,836,31,317,7.73
846,327,2025-08-30,851,14,317,19.99
847,296,2025-08-03,825,17,308,8.8
848,59,2025-10-12,924,19,319,10.53
849,388,2026-02-11,884,23,316,16.43
850,488,2025-02-23,842,24,302,15.0
851,357,2026-03-20,821,18,322,10.78
852,290,2025-08-30,841,23,343,10.78
853,348,2025-02-06,802,21,297,6.19
854,193,2025-07-08,822,18,336,11.23
855,45,2026-08-19,876,16,291,6.05
856,480,2025-08-17,904,13,326,5.29
857,456,2025-01-31,848,22,314,13.03
858,31,2025-03-22,850,17,317,17.23
859,273,2025-12-22,862,13,320,13.7
860,128,2026-05-16,811,24,301,5.92
861,171,2025-07-05,905,26,335,9.7
862,159,2026-05-15,888,19,291,9.31
863,82,2025-10-01,872,23,327,12.5
864,318,2026-05-03,806,15,285,9.41
865,229,2026-05-19,915,18,313,4.72
866,421,2026-02-18,885,19,314,10.19
867,351,2026-01-03,865,15,309,18.32
868,412,2026-07-09,861,21,307,5.41
869,4,2025-07-20,813,24,321,19.82
870,418,2025-08-05,854,9,313,16.92
871,35,2025-09-19,862,17,311,21.13
872,76,2025-08-25,810,17,351,9.16
873,164,2026-04-16,797,13,334,18.24
874,471,2025-12-09,827,34,331,13.36
875,113,2026-05-29,885,17,301,17.75
876,231,2025-01-07,885,14,338,20.51
877,352,2025-11-20,842,15,300,20.6
878,362,2025-03-10,855,21,321,19.1
879,70,2025-02-21,863,23,280,15.91
880,1,2026-06-04,874,7,307,5.0
881,59,2025-01-04,770,24,332,12.72
882,63,2026-03-15,832,19,312,9.71
883,161,2025-07-08,895,15,317,8.91
884,425,2025-06-02,809,21,328,12.48
885,496,2026-06-22,835,17,314,12.52
886,206,2026-05-23,859,22,334,20.18
887,306,2026-05-27,855,20,263,8.14
888,300,2025-07-13,859,17,319,10.09
889,24,2026-05-18,876,15,327,20.55
890,336,2026-08-15,875,21,345,8.57
891,488,2025-12-02,840,18,306,16.68
892,145,2025-10-19,867,26,335,6.92
893,338,2026-04-07,875,20,314,10.91
894,165,2025-10-16,799,15,350,4.31
895,413,2025-06-08,891,15,337,20.38
896,372,2026-08-02,867,17,343,20.39
897,387,2025-06-11,811,16,322,4.23
898,71,2025-07-03,811,14,331,18.29
899,383,2025-04-30,842,10,314,4.26
900,415,2025-12-14,836,19,333,5.98
901,161,2026-06-28,904,24,338,7.83
902,48,2026-05-04,814,15,317,8.27
903,270,2025-08-10,858,14,293,14.21
904,308,2025-11-17,893,17,290,7.21
905,451,2025-07-09,877,18,289,19.26
906,351,2026-02-04,854,15,315,9.08
907,55,2026-01-28,804,23,299,8.84
908,306,2026-05-12,799,12,333,16.38
909,288,2026-03-10,865,18,314,8.81
910,16,2026-02-11,891,19,337,20.52
911,387,2026-07-01,863,18,294,8.0
912,51,2025-11-17,866,18,322,16.96
913,160,2025-10-27,826,17,315,14.19
914,322,2026-06-26,855,12,334,8.62
915,86,2025-04-07,833,14,266,5.73
916,196,2025-08-11,836,12,317,8.36
917,467,2025-12-31,878,16,341,13.19
918,339,2025-10-31,813,24,311,13.11
919,78,2025-07-10,847,20,323,16.57
920,80,2025-11-07,871,13,302,13.23
921,347,2026-06-07,853,11,327,16.83
922,282,2025-07-18,880,20,331,16.65
923,337,2025-02-20,856,17,308,19.14
924,155,2025-06-17,889,17,307,10.45
925,106,2025-05-30,835,25,307,8.55
926,192,2025-04-22,807,19,339,16.46
927,157,2026-08-23,802,10,321,15.28
928,345,2026-06-02,878,13,335,16.99
929,244,2026-04-21,883,19,313,12.0
930,40,2025-12-16,837,15,287,10.01
931,305,2025-06-29,857,15,352,12.69
932,376,2026-06-06,753,16,339,6.76
933,334,2025-04-03,813,8,313,9.8
934,106,2026-05-21,868,22,294,21.17
935,10,2026-08-05,880,18,331,13.3
936,87,2026-05-07,860,14,282,20.82
937,468,2025-06-01,890,16,307,14.09
938,144,2025-06-23,875,11,336,9.39
939,270,2026-05-18,850,19,313,17.55
940,441,2025-11-09,918,17,283,7.83
941,135,2025-09-02,875,22,300,14.4
942,358,2025-05-09,826,21,305,20.12
943,415,2026-04-29,886,15,324,18.21
944,39,2026-02-13,841,24,298,17.96
945,74,2025-10-04,885,15,308,12.68
946,147,2025-03-17,872,16,321,7.58
947,53,2025-09-28,873,15,338,17.29
948,180,2025-04-08,857,22,335,19.83
949,240,2025-10-14,762,16,316,5.57
950,466,2025-06-23,849,18,326,20.19
951,78,2026-02-02,863,17,321,17.85
952,351,2026-04-07,805,14,325,13.67
953,7,2025-07-13,828,18,329,18.33
954,54,2026-05-30,835,17,318,7.62
955,285,2026-03-27,915,11,308,9.13
956,255,2025-12-20,834,31,354,19.27
957,213,2025-06-15,848,21,310,16.43
958,207,2026-04-01,894,17,298,11.07
959,466,2026-03-29,874,15,316,12.11
960,151,2026-06-29,838,17,294,14.3
961,446,2026-06-22,860,27,317,10.26
962,329,2025-03-07,914,18,329,11.38
963,207,2025-04-09,866,22,325,18.02
964,322,2026-04-02,921,16,336,11.22
965,240,2026-03-15,840,9,318,4.73
966,183,2026-04-15,845,18,306,10.36
967,404,2026-06-08,826,21,323,7.52
968,480,2025-06-20,843,19,313,12.59
969,159,2026-03-03,855,16,307,9.48
970,59,2026-07-09,876,20,322,20.28
971,330,2025-05-15,862,23,307,6.13
972,308,2025-01-20,841,11,328,15.26
973,299,2025-02-12,875,16,322,16.08
974,25,2026-07-20,864,13,303,15.37
975,184,2026-07-29,848,25,315,5.33
976,441,2025-04-05,831,22,296,5.51
977,333,2025-04-17,849,17,328,7.57
978,490,2025-09-05,823,16,317,7.37
979,151,2026-07-04,885,18,331,19.14
980,400,2025-08-22,831,20,317,18.5
981,434,2025-02-26,839,23,309,12.25
982,288,2026-01-13,854,20,343,8.51
983,86,2025-08-10,822,14,346,8.97
984,271,2025-05-03,829,21,305,8.1
985,439,2025-05-11,877,22,318,18.46
986,460,2025-05-27,861,10,348,4.85
987,277,2025-07-30,872,20,323,17.51
988,319,2025-09-08,858,24,308,9.21
989,118,2025-02-05,860,17,314,11.24
990,27,2026-07-08,844,18,306,5.09
991,360,2025-05-16,882,16,331,14.67
992,57,2025-10-27,844,13,312,18.99
993,155,2026-01-19,902,21,328,15.98
994,244,2025-08-10,885,18,332,5.37
995,105,2025-09-30,888,14,306,15.44
996,337,2025-05-11,847,21,316,18.35
997,110,2025-06-27,836,18,298,8.92
998,348,2026-06-25,873,12,306,10.01
999,42,2026-08-15,859,21,304,8.29
1000,370,2026-06-08,823,18,305,16.77
1001,296,2026-04-22,863,14,334,17.61
1002,185,2026-07-22,865,11,324,4.82
1003,125,2026-01-26,863,13,310,21.08
1004,483,2026-06-24,851,17,316,15.41
1005,138,2025-08-03,851,23,308,14.44
1006,75,2026-01-15,831,15,333,6.59
1007,99,2025-05-05,843,28,298,17.99
1008,42,2026-03-09,807,15,313,18.82
1009,439,2025-09-06,882,20,318,6.74
1010,271,2025-12-15,869,15,316,8.19
1011,218,2025-11-24,883,26,305,17.83
1012,111,2025-03-05,867,11,291,6.64
1013,354,2025-10-05,847,18,315,18.27
1014,438,2025-10-20,851,22,317,20.89
1015,102,2025-08-24,849,11,323,9.03
1016,336,2025-05-17,856,19,353,20.66
1017,292,2026-08-27,893,22,330,19.07
1018,413,2025-05-17,836,17,334,10.21
1019,486,2026-06-19,881,24,305,19.88
1020,220,2025-10-02,856,18,355,9.75
1021,271,2026-02-07,850,22,337,15.47
1022,25,2026-07-24,843,18,333,13.31
1023,321,2026-03-14,850,23,327,4.79
1024,484,2026-02-23,831,15,312,10.16
1025,140,2026-06-23,853,15,331,9.51
1026,472,2026-02-28,888,22,295,17.07
1027,221,2026-02-20,870,19,282,11.17
1028,125,2026-08-06,853,19,309,19.55
1029,134,2025-03-18,867,19,331,15.91
1030,382,2025-11-17,789,17,287,15.28
1031,342,2026-05-09,827,11,284,15.12
1032,235,2025-08-29,883,17,307,5.36
1033,177,2025-03-22,840,9,307,17.81
1034,21,2026-04-05,886,6,358,21.26
1035,413,2025-11-28,862,19,335,8.8
1036,126,2026-04-22,842,30,342,19.35
1037,183,2026-08-27,896,16,344,14.86
1038,327,2025-09-15,796,13,319,10.25
1039,143,2025-12-23,829,18,338,18.88
1040,97,2026-05-31,838,18,335,19.86
1041,76,2025-05-13,851,16,299,19.33
1042,220,2025-10-05,806,17,281,6.26
1043,74,2026-08-04,813,24,314,17.32
1044,52,2025-02-07,872,25,325,7.92
1045,382,2025-12-07,838,20,293,10.76
1046,140,2025-09-01,866,20,313,7.35
1047,274,2025-10-14,899,26,299,11.61
1048,404,2025-06-10,812,20,302,13.11
1049,355,2025-01-20,910,14,309,22.58
1050,201,2025-02-26,856,18,300,13.36
1051,290,2025-06-26,884,8,279,12.63
1052,57,2026-02-13,827,14,299,6.96
1053,360,2025-12-29,822,18,332,19.74
1054,144,2025-01-23,898,20,312,7.18
1055,183,2026-08-21,857,10,327,20.14
1056,463,2026-07-02,858,16,324,21.19
1057,495,2025-05-10,859,21,284,19.17
1058,239,2026-04-03,880,21,307,5.43
1059,479,2025-02-12,818,22,348,13.74
1060,411,2026-08-11,820,17,339,17.53
1061,143,2026-08-13,820,19,332,18.15
1062,297,2025-10-26,835,13,282,17.55
1063,482,2026-07-25,827,17,315,14.21
1064,265,2026-05-10,863,20,301,10.22
1065,416,2026-05-20,880,13,318,12.11
1066,286,2025-10-28,862,15,323,19.43
1067,354,2026-03-30,868,10,333,19.99
1068,187,2025-09-01,875,11,299,21.25
1069,75,2026-07-21,907,27,309,19.14
1070,190,2025-12-01,796,23,327,18.48
1071,281,2025-11-14,894,23,309,15.05
1072,85,2026-08-17,818,16,302,16.73
1073,179,2025-11-17,869,12,313,7.39
1074,180,2025-05-10,842,17,298,17.83
1075,444,2026-07-24,864,25,334,20.15
1076,498,2025-05-28,873,19,299,7.08
1077,104,2025-09-02,844,19,285,18.58
1078,203,2026-03-08,837,21,294,18.97
1079,208,2025-05-14,827,19,349,16.59
1080,343,2025-06-26,862,8,310,4.88
1081,381,2025-05-08,820,24,290,16.14
1082,286,2025-09-27,855,16,307,14.95
1083,96,2025-09-17,829,10,312,6.26
1084,125,2025-01-18,836,18,316,8.71
1085,349,2026-04-06,848,23,319,13.2
1086,473,2026-01-11,834,10,337,18.03
1087,318,2026-01-15,880,23,329,16.6
1088,56,2025-12-12,846,16,302,14.29
1089,293,2026-05-10,866,20,316,5.08
1090,411,2025-01-07,861,14,304,4.86
1091,389,2026-03-18,847,25,313,10.43
1092,326,2026-07-31,800,15,329,17.24
1093,188,2025-04-05,843,13,311,17.6
1094,273,2026-02-14,809,13,313,14.83
1095,250,2026-01-11,885,21,313,22.06
1096,301,2026-04-08,806,12,326,17.92
1097,183,2025-07-14,857,22,330,11.9
1098,157,2026-07-14,825,14,348,16.63
1099,388,2025-02-19,862,7,356,14.68
1100,293,2025-10-17,837,16,325,4.57
1101,58,2026-08-03,879,12,315,5.01
1102,133,2025-04-08,786,15,315,12.76
1103,335,2026-04-17,830,24,352,16.35
1104,400,2026-02-21,875,13,340,5.8
1105,252,2025-06-06,842,19,318,15.89
1106,175,2025-08-10,878,16,341,16.34
1107,77,2025-06-22,856,21,297,10.43
1108,290,2026-07-26,883,18,316,8.23
1109,364,2026-06-11,860,26,285,8.5
1110,413,2025-12-15,829,19,345,19.74
1111,245,2025-04-10,867,18,310,6.41
1112,187,2025-09-25,872,16,340,15.06
1113,408,2026-03-03,825,12,295,13.61
1114,378,2025-11-14,830,17,324,18.75
1115,101,2025-11-09,863,16,324,5.32
1116,325,2025-03-18,835,15,360,16.22
1117,9,2026-04-21,854,25,299,9.83
1118,321,2026-02-14,881,26,296,9.77
1119,244,2025-08-19,797,25,321,19.07
1120,239,2025-02-04,855,18,323,5.78
1121,232,2026-06-24,803,19,310,8.81
1122,370,2026-08-10,850,28,319,15.0
1123,158,2025-06-09,822,19,327,20.37
1124,14,2025-04-18,810,11,307,14.27
1125,2,2025-03-16,875,10,323,16.34
1126,143,2026-08-29,860,12,343,7.8
1127,188,2025-12-19,850,10,312,19.25
1128,431,2025-05-14,852,18,324,6.64
1129,407,2026-04-02,859,23,314,12.64
1130,392,2025-10-10,857,23,336,19.31
1131,301,2026-06-28,862,25,304,13.41
1132,159,2026-05-14,799,26,304,6.53
1133,140,2026-07-11,831,14,324,13.62
1134,127,2026-04-07,870,16,323,10.43
1135,369,2025-11-04,896,15,306,21.19
1136,129,2025-07-17,905,12,304,13.99
1137,262,2026-04-23,824,19,317,6.58
1138,110,2026-08-30,841,20,347,14.31
1139,365,2025-10-26,856,17,311,8.6
1140,392,2026-06-20,900,23,321,20.61
1141,119,2025-09-25,867,13,321,17.38
1142,379,2025-03-21,850,18,315,12.83
1143,367,2026-05-26,854,24,310,9.45
1144,376,2026-05-03,842,19,356,16.09
1145,161,2025-10-06,819,17,332,18.37
1146,30,2025-10-13,833,14,348,5.39
1147,465,2026-03-14,789,28,296,14.5
1148,372,2026-03-09,902,16,302,19.98
1149,305,2026-05-19,856,24,347,7.72
1150,232,2026-03-20,874,10,295,14.21
1151,469,2025-06-11,833,16,368,18.36
1152,78,2025-05-28,824,18,348,13.21
1153,57,2025-02-14,851,11,302,9.7
1154,372,2025-03-17,807,15,333,14.03
1155,393,2026-01-31,892,11,315,21.83
1156,127,2025-08-04,849,21,325,19.64
1157,268,2025-11-13,823,17,311,14.66
1158,389,2026-07-03,885,15,344,19.93
1159,359,2025-06-08,794,20,357,5.96
1160,193,2026-01-11,789,14,312,12.38
1161,442,2026-08-21,815,24,335,4.66
1162,281,2025-02-04,846,18,325,13.42
1163,481,2025-03-17,858,14,318,7.61
1164,166,2025-03-10,831,25,323,4.97
1165,115,2025-06-15,842,19,309,18.16
1166,208,2025-04-14,894,16,329,21.77
1167,304,2025-09-07,946,16,314,13.02
1168,201,2026-03-10,884,26,325,16.11
1169,222,2026-02-06,877,28,338,17.32
1170,329,2025-11-23,855,12,358,11.8
1171,38,2025-06-14,867,14,303,16.2
1172,336,2025-05-14,859,10,303,8.15
1173,123,2025-10-20,885,21,325,21.15
1174,128,2025-10-16,900,15,337,8.94
1175,62,2025-08-08,857,17,315,11.47
1176,328,2026-07-06,837,16,333,5.31
1177,388,2025-05-03,849,8,301,7.3
1178,34,2025-08-01,840,15,314,12.43
1179,168,2026-08-04,878,14,314,11.43
1180,495,2025-02-22,890,14,320,21.5
1181,8,2025-07-20,846,20,328,6.95
1182,65,2025-09-20,838,20,352,20.88
1183,481,2025-02-08,872,18,321,19.63
1184,419,2026-04-20,848,19,306,8.33
1185,491,2026-08-22,860,23,327,18.04
1186,420,2025-08-11,871,21,330,8.87
1187,120,2026-01-18,886,20,326,19.84
1188,21,2026-04-19,853,10,342,17.86
1189,200,2026-01-17,915,19,298,7.97
1190,484,2026-02-20,828,6,311,6.41
1191,104,2026-03-15,855,12,346,6.35
1192,185,2025-08-16,836,14,331,15.45
1193,56,2025-12-20,843,24,304,14.25
1194,56,2025-10-31,858,26,330,5.11
1195,21,2025-12-12,863,16,325,6.93
1196,451,2025-04-22,860,11,345,17.69
1197,272,2026-08-24,895,16,313,22.14
1198,180,2025-12-31,837,24,339,16.15
1199,368,2025-05-16,861,17,341,15.6
1200,328,2026-01-18,893,24,305,12.58
1201,80,2026-04-15,890,13,336,12.5
1202,495,2025-02-14,867,19,328,15.14
1203,325,2025-06-25,843,16,319,13.96
1204,9,2026-02-05,834,17,313,20.37
1205,23,2026-05-20,855,22,321,8.6
1206,390,2025-03-31,857,19,304,13.56
1207,444,2025-10-16,899,19,324,19.78
1208,319,2025-04-30,804,18,280,9.0
1209,192,2026-05-12,834,24,304,19.32
1210,164,2026-06-19,838,23,329,13.32
1211,442,2025-03-27,890,11,324,4.48
1212,64,2025-10-10,853,20,317,15.65
1213,359,2025-02-05,852,14,332,16.94
1214,221,2025-12-03,868,18,299,15.62
1215,181,2026-02-09,862,15,302,6.64
1216,52,2026-08-05,879,20,315,6.88
1217,68,2026-05-17,819,15,322,18.32
1218,458,2026-03-15,869,24,340,6.96
1219,300,2026-06-27,882,19,323,4.58
1220,114,2025-08-16,848,19,338,14.54
1221,201,2025-02-07,832,14,334,10.47
1222,100,2025-05-30,839,23,335,19.8
1223,406,2025-06-24,844,21,310,17.82
1224,294,2025-09-06,904,15,336,15.47
1225,233,2025-08-21,917,19,340,9.96
1226,61,2026-03-16,872,14,292,4.74
1227,126,2025-01-28,840,11,315,15.27
1228,207,2026-04-30,848,20,323,6.57
1229,498,2025-07-02,824,13,289,15.24
1230,154,2025-04-05,814,25,302,16.29
1231,143,2025-09-09,813,25,331,17.36
1232,86,2026-01-07,812,19,332,7.64
1233,393,2026-08-13,839,13,305,18.57
1234,153,2025-09-17,861,24,322,7.22
1235,299,2025-10-17,836,21,308,19.49
1236,95,2025-09-25,891,20,313,12.0
1237,165,2026-04-20,874,17,338,20.86
1238,180,2026-08-27,830,15,322,4.76
1239,452,2025-06-07,812,18,331,5.6
1240,286,2026-08-23,853,16,315,4.45
1241,408,2026-07-02,845,27,330,18.47
1242,488,2025-03-06,902,18,312,14.47
1243,85,2026-04-04,852,18,324,13.91
1244,482,2025-01-20,840,20,326,4.53
1245,440,2025-09-20,895,20,335,17.61
1246,208,2025-12-11,845,19,300,14.66
1247,222,2026-03-13,864,25,313,20.28
1248,118,2025-10-11,796,12,300,4.03
1249,285,2026-07-22,857,19,314,16.75
1250,383,2025-05-07,840,13,300,20.92
1251,2,2025-12-11,814,21,327,5.91
1252,305,2025-06-07,861,16,328,16.73
1253,365,2025-03-13,830,14,296,4.19
1254,203,2026-03-06,839,22,348,20.2
1255,142,2026-06-21,839,16,310,13.47
1256,100,2026-08-31,856,16,330,14.79
1257,139,2025-08-25,835,17,320,13.93
1258,331,2025-03-22,875,26,311,15.18
1259,383,2025-08-22,810,15,330,16.73
1260,256,2026-06-23,876,22,335,10.83
1261,42,2025-12-30,877,25,351,13.44
1262,41,2026-06-10,832,15,330,12.09
1263,371,2026-05-15,835,22,333,16.98
1264,31,2025-07-12,880,22,331,4.58
1265,178,2026-02-07,867,19,316,18.98
1266,290,2026-01-05,886,9,308,11.02
1267,283,2026-04-20,869,16,339,21.65
1268,261,2026-01-07,897,18,320,21.28
1269,473,2025-05-27,810,21,331,20.06
1270,295,2026-05-01,827,20,306,10.64
1271,189,2025-03-27,887,16,347,6.85
1272,17,2026-06-12,840,19,312,4.25
1273,257,2025-07-04,887,16,331,8.58
1274,367,2026-03-11,832,12,297,18.46
1275,47,2026-08-15,875,17,331,16.0
1276,424,2025-08-23,894,15,333,16.62
1277,353,2025-08-01,864,19,343,8.53
1278,163,2026-07-18,858,17,324,15.85
1279,442,2025-04-06,847,19,307,5.97
1280,90,2026-06-26,864,19,336,10.13
1281,419,2025-01-13,865,20,306,14.85
1282,382,2025-06-26,858,19,288,18.94
1283,58,2026-02-23,835,23,321,5.44
1284,331,2026-01-25,811,12,312,18.87
1285,60,2025-05-19,866,18,308,8.52
1286,399,2025-05-25,898,18,325,15.41
1287,102,2025-09-27,907,14,343,16.32
1288,138,2025-07-02,830,20,300,19.02
1289,65,2025-04-06,850,16,299,18.27
1290,258,2025-05-25,848,20,341,7.75
1291,131,2025-08-30,866,17,282,17.7
1292,42,2025-02-15,802,18,305,10.32
1293,138,2025-10-31,794,24,330,10.08
1294,158,2025-04-15,829,15,288,19.29
1295,394,2025-07-28,805,12,322,18.75
1296,451,2026-04-27,869,19,307,14.79
1297,229,2026-05-25,833,17,346,14.94
1298,235,2025-05-18,866,11,343,16.5
1299,178,2025-05-10,859,15,313,17.42
1300,10,2025-05-26,838,14,302,6.38
1301,127,2025-05-12,840,16,326,16.57
1302,191,2025-07-06,854,24,343,15.75
1303,455,2025-07-11,906,19,313,9.92
1304,302,2025-01-27,908,21,352,21.84
1305,368,2026-05-19,906,26,314,10.89
1306,473,2026-07-05,875,20,295,15.58
1307,116,2026-07-07,862,13,344,10.14
1308,106,2025-03-09,873,26,310,7.9
1309,363,2025-08-17,875,13,311,17.91
1310,448,2025-11-29,879,20,340,8.54
1311,256,2025-09-28,842,9,313,9.08
1312,185,2025-10-07,786,14,334,14.29
1313,218,2025-07-01,833,17,311,9.82
1314,122,2025-12-20,855,25,296,14.98
1315,320,2025-02-27,826,25,343,15.77
1316,371,2026-05-18,879,16,329,15.65
1317,449,2026-01-01,799,12,333,6.55
1318,34,2025-07-26,873,24,336,20.22
1319,241,2026-04-15,909,14,291,18.06
1320,93,2026-02-25,849,13,321,7.51
1321,406,2025-12-29,856,19,331,18.62
1322,191,2026-06-13,905,25,318,4.77
1323,74,2025-05-21,815,14,339,20.12
1324,30,2026-01-08,856,16,302,4.44
1325,477,2026-04-17,874,11,330,11.09
1326,195,2026-06-20,824,10,328,15.66
1327,466,2025-12-24,850,22,285,16.45
1328,490,2025-09-22,873,13,333,7.26
1329,323,2026-08-14,864,15,341,19.18
1330,316,2025-11-25,848,17,337,16.25
1331,151,2026-07-19,831,14,306,11.54
1332,198,2025-03-26,817,22,322,9.73
1333,320,2025-09-13,816,21,319,13.91
1334,203,2025-01-22,846,18,324,12.43
1335,227,2025-11-28,819,20,320,4.78
1336,47,2025-11-22,858,20,386,20.57
1337,477,2025-09-10,860,26,314,11.36
1338,272,2025-04-27,793,14,346,13.85
1339,388,2026-01-07,856,14,267,12.4
1340,121,2025-07-09,841,14,318,14.5
1341,41,2026-08-24,831,16,299,19.36
1342,374,2025-03-25,844,16,300,15.67
1343,342,2025-10-09,849,14,318,12.49
1344,35,2025-12-28,864,19,334,8.13
1345,154,2026-03-02,813,14,323,15.31
1346,110,2025-10-16,902,22,318,8.53
1347,137,2025-10-23,829,18,317,6.59
1348,181,2026-04-11,826,22,320,10.73
1349,28,2025-12-09,895,18,329,12.21
1350,185,2026-03-30,794,18,350,19.72
1351,285,2026-03-31,846,20,337,9.52
1352,260,2025-11-28,901,18,293,9.23
1353,346,2026-05-12,849,19,305,15.82
1354,339,2026-03-05,787,11,317,18.54
1355,218,2026-02-15,805,21,338,14.21
1356,172,2025-10-24,789,13,288,10.92
1357,204,2026-08-28,903,17,350,16.13
1358,370,2025-08-24,861,15,329,17.25
1359,304,2026-03-30,835,18,279,5.79
1360,103,2025-03-14,814,15,331,4.97
1361,102,2026-08-15,863,23,319,18.06
1362,31,2026-06-24,821,13,276,17.01
1363,74,2026-02-18,888,19,293,18.91
1364,213,2026-03-21,902,21,344,12.51
1365,432,2025-10-29,861,21,322,8.76
1366,16,2025-12-30,854,21,329,14.54
1367,41,2026-08-10,951,26,320,20.46
1368,49,2025-12-23,822,14,318,4.83
1369,400,2025-08-11,891,20,324,21.43
1370,381,2026-03-07,878,17,305,9.77
1371,375,2026-06-09,814,19,335,13.39
1372,26,2026-03-21,847,16,323,17.7
1373,406,2025-08-04,844,14,283,5.45
1374,423,2025-05-04,880,19,326,10.39
1375,59,2025-02-04,909,16,303,14.31
1376,387,2025-03-03,834,22,300,10.7
1377,292,2025-04-25,891,17,316,16.45
1378,40,2025-04-21,874,15,318,10.18
1379,280,2026-01-18,827,16,318,16.32
1380,457,2026-02-23,899,21,325,21.72
1381,362,2025-12-20,844,19,276,20.86
1382,294,2025-10-29,829,12,326,5.91
1383,128,2026-04-25,859,13,294,15.32
1384,355,2026-02-08,861,21,303,14.0
1385,395,2025-05-01,835,17,297,8.12
1386,247,2025-08-02,845,19,321,12.85
1387,390,2025-08-27,846,14,330,5.33
1388,302,2025-07-18,910,19,353,18.5
1389,440,2025-10-02,870,13,326,17.69
1390,281,2025-07-05,840,20,318,13.79
1391,39,2025-08-23,842,25,317,9.09
1392,420,2026-01-13,863,14,309,12.79
1393,473,2025-02-28,812,17,302,10.58
1394,130,2026-04-08,788,19,323,12.47
1395,324,2025-04-24,871,17,322,5.79
1396,428,2025-09-14,784,21,303,9.89
1397,201,2025-01-18,832,14,312,5.73
1398,130,2026-01-31,913,15,313,20.3
1399,162,2025-10-26,870,13,334,10.14
1400,110,2025-10-27,771,15,307,4.23
1401,295,2025-12-14,871,17,313,12.23
1402,223,2025-09-03,873,14,320,21.27
1403,283,2025-06-20,838,18,319,5.4
1404,388,2025-12-28,816,21,306,10.1
1405,99,2025-10-27,798,16,352,15.5
1406,130,2025-06-13,844,16,328,7.53
1407,276,2025-02-05,870,23,315,6.11
1408,297,2025-12-15,817,19,346,7.54
1409,4,2026-06-10,820,17,326,11.78
1410,355,2026-05-18,813,15,307,5.82
1411,202,2026-06-29,865,20,300,15.23
1412,278,2025-08-13,820,17,349,8.6
1413,270,2026-05-03,816,17,333,12.73
1414,217,2026-06-22,891,28,316,7.54
1415,420,2026-01-22,792,23,336,19.28
1416,161,2025-02-09,825,17,321,16.24
1417,148,2025-04-17,858,24,335,13.15
1418,344,2026-07-03,869,23,330,20.95
1419,88,2025-02-16,841,20,308,7.95
1420,53,2026-03-13,834,15,332,20.21
1421,83,2025-11-17,849,18,325,5.8
1422,182,2026-02-27,856,21,321,9.28
1423,57,2025-05-31,815,11,305,7.47
1424,473,2025-05-21,877,17,324,5.81
1425,84,2025-03-19,875,20,328,10.94
1426,401,2025-09-30,831,20,309,15.06
1427,375,2025-06-15,831,27,336,9.42
1428,60,2026-07-23,827,15,329,18.9
1429,376,2025-08-19,826,14,312,5.85
1430,183,2026-02-27,783,20,297,7.17
1431,155,2026-05-15,828,17,314,18.06
1432,180,2026-07-11,865,20,322,19.71
1433,319,2025-07-15,901,12,308,6.36
1434,386,2025-05-14,848,15,344,18.19
1435,337,2026-05-25,839,19,321,19.26
1436,250,2025-11-14,811,13,328,15.03
1437,152,2025-05-23,875,17,293,19.75
1438,385,2025-08-15,864,17,326,20.41
1439,376,2026-06-24,852,18,290,19.95
1440,42,2026-06-01,804,15,335,4.59
1441,9,2025-03-10,880,21,314,11.09
1442,444,2026-06-16,828,14,331,7.28
1443,433,2026-05-24,817,15,335,10.65
1444,237,2025-04-20,852,20,300,7.05
1445,3,2025-10-16,823,24,341,4.69
1446,450,2026-05-10,853,14,356,11.26
1447,244,2026-08-19,843,25,323,11.37
1448,147,2025-11-16,875,18,328,15.91
1449,233,2025-08-09,829,17,301,10.81
1450,151,2025-05-26,898,9,316,10.19
1451,116,2026-05-20,878,22,297,11.75
1452,355,2025-02-25,901,23,343,12.65
1453,348,2026-04-07,882,20,352,10.69
1454,499,2026-05-19,876,21,342,18.97
1455,463,2025-03-16,898,11,315,8.1
1456,427,2025-07-13,904,16,341,21.76
1457,88,2025-01-18,805,21,305,14.36
1458,118,2025-01-23,892,14,327,15.6
1459,262,2025-10-26,858,22,279,7.27
1460,393,2026-01-27,872,18,334,9.21
1461,50,2026-02-28,890,12,323,22.05
1462,55,2026-08-30,866,14,330,12.26
1463,59,2025-02-17,813,13,332,10.12
1464,26,2026-07-24,880,15,307,10.03
1465,335,2025-12-23,821,17,349,16.08
1466,434,2025-04-02,806,24,319,12.41
1467,391,2026-01-20,865,19,324,12.17
1468,327,2025-04-09,860,14,307,6.83
1469,327,2025-08-16,905,29,323,17.89
1470,451,2025-07-23,847,13,320,8.53
1471,431,2025-11-03,881,16,328,21.05
1472,195,2025-06-11,843,17,347,11.95
1473,423,2025-04-21,874,17,296,13.83
1474,291,2026-08-20,832,21,338,17.84
1475,162,2025-07-19,859,18,324,18.1
1476,290,2025-06-19,871,19,324,4.93
1477,246,2026-01-23,936,15,315,11.14
1478,134,2025-11-03,809,15,305,5.28
1479,485,2025-07-17,856,18,303,10.42
1480,451,2026-05-17,836,24,316,9.54
1481,85,2026-01-10,816,13,320,19.04
1482,263,2025-06-09,846,26,317,8.17
1483,306,2026-05-16,846,21,344,20.42
1484,462,2025-01-31,892,18,308,19.74
1485,364,2025-04-14,845,13,322,20.63
1486,465,2026-05-22,878,14,331,5.6
1487,13,2026-07-13,852,15,304,9.9
1488,394,2026-04-08,845,14,299,17.29
1489,24,2026-08-29,835,18,298,14.79
1490,309,2026-03-10,848,22,327,12.92
1491,202,2026-08-03,848,15,346,6.4
1492,247,2025-01-22,851,15,326,4.64
1493,188,2026-03-30,861,19,289,18.72
1494,160,2026-01-18,892,17,306,5.72
1495,200,2025-07-09,854,17,288,8.62
1496,71,2025-09-09,865,18,344,16.53
1497,236,2026-06-21,799,16,310,12.09
1498,290,2025-09-06,859,19,291,7.31
1499,119,2026-07-18,878,13,317,14.38
1500,1,2026-06-07,833,18,302,16.38
1501,187,2025-04-21,839,19,332,18.0
1502,417,2026-08-14,871,25,306,13.26
1503,47,2025-04-12,825,25,317,19.28
1504,273,2025-01-26,863,16,326,10.79
1505,329,2025-10-01,788,18,356,14.0
1506,230,2025-09-18,828,15,313,5.58
1507,386,2026-06-08,860,12,284,16.88
1508,170,2025-01-09,844,18,318,6.13
1509,472,2025-12-10,851,20,303,19.44
1510,133,2025-11-24,881,14,311,4.74
1511,110,2025-01-01,853,19,317,21.2
1512,500,2025-11-12,877,8,337,18.05
1513,83,2026-04-30,860,20,334,11.42
1514,154,2025-05-23,875,16,325,16.38
1515,491,2025-08-05,861,16,307,5.79
1516,408,2026-04-30,855,26,300,19.68
1517,464,2025-04-05,786,17,296,18.55
1518,34,2026-02-23,810,16,332,11.16
1519,348,2025-10-14,840,14,286,5.53
1520,198,2026-04-02,787,18,333,10.45
1521,478,2026-08-04,854,13,293,19.72
1522,222,2025-06-27,841,29,313,17.92
1523,321,2025-03-08,816,20,296,12.37
1524,386,2025-10-11,859,17,349,11.01
1525,439,2025-08-26,799,19,320,12.19
1526,361,2025-08-07,882,14,284,16.2
1527,261,2026-04-18,859,22,325,20.62
1528,423,2026-04-11,856,23,308,13.13
1529,143,2026-06-01,863,27,306,16.31
1530,446,2025-01-25,857,19,347,13.99
1531,6,2025-06-09,877,16,320,6.69
1532,464,2026-07-01,841,14,311,12.36
1533,437,2026-08-24,832,15,319,4.49
1534,114,2025-10-08,827,18,303,9.4
1535,265,2025-02-06,868,13,372,21.22
1536,311,2026-07-16,816,17,302,13.83
1537,173,2025-07-19,879,19,320,17.44
1538,469,2026-05-12,794,20,369,5.33
1539,453,2026-01-16,920,16,301,10.78
1540,70,2025-05-18,861,22,318,18.78
1541,375,2026-01-15,853,15,297,16.23
1542,397,2026-03-22,861,24,349,15.28
1543,208,2025-02-23,839,24,321,18.38
1544,373,2026-04-08,866,16,304,21.2
1545,184,2025-05-09,842,16,313,6.97
1546,283,2025-08-13,853,20,323,6.24
1547,459,2025-09-24,808,18,328,10.28
1548,92,2025-12-24,891,25,368,7.84
1549,293,2026-06-16,834,27,313,14.29
1550,468,2026-08-31,836,12,305,19.7
1551,339,2026-04-17,869,20,313,13.15
1552,236,2025-07-23,900,14,333,7.03
1553,315,2026-04-12,825,15,315,10.18
1554,186,2025-07-14,813,19,314,6.69
1555,480,2025-03-25,835,12,292,15.36
1556,36,2025-04-08,845,30,308,16.34
1557,300,2025-06-27,816,25,337,5.34
1558,386,2025-09-20,842,29,336,9.32
1559,47,2026-04-25,874,16,338,4.75
1560,72,2025-11-15,866,15,323,12.52
1561,289,2025-05-19,833,23,316,8.2
1562,146,2025-05-31,843,18,308,19.07
1563,186,2025-08-19,814,18,297,16.29
1564,326,2026-03-16,879,13,336,21.1
1565,394,2026-02-01,927,19,333,15.92
1566,331,2025-04-25,864,12,328,5.11
1567,259,2026-03-08,857,18,348,15.24
1568,210,2025-05-28,853,16,325,10.62
1569,499,2025-01-19,888,17,320,15.34
1570,408,2025-07-25,819,13,282,17.64
1571,428,2026-04-29,905,17,343,21.78
1572,497,2025-02-16,835,15,310,20.09
1573,118,2025-01-22,843,15,308,16.28
1574,365,2025-11-04,808,20,335,16.63
1575,58,2025-03-10,780,15,314,15.76
1576,260,2026-07-14,853,17,282,12.84
1577,420,2026-08-03,858,17,352,9.69
1578,107,2025-06-02,854,12,363,10.43
1579,160,2025-03-19,884,13,322,10.71
1580,423,2025-01-20,868,18,360,17.39
1581,274,2025-10-28,846,14,356,12.33
1582,220,2025-01-03,860,23,335,17.47
1583,289,2025-04-19,835,19,321,13.64
1584,45,2025-11-30,850,16,338,14.25
1585,393,2026-01-24,872,16,290,19.3
1586,82,2025-04-04,863,15,302,20.77
1587,242,2025-05-13,839,20,345,17.94
1588,204,2026-05-02,844,18,303,18.11
1589,37,2026-02-07,822,13,338,12.25
1590,336,2026-01-13,850,14,333,9.33
1591,334,2025-02-13,828,22,296,17.28
1592,115,2026-04-15,850,12,290,8.18
1593,17,2025-09-12,830,22,320,10.09
1594,119,2026-01-23,842,14,328,19.31
1595,131,2026-07-26,865,12,355,11.19
1596,78,2025-06-01,824,9,335,13.2
1597,410,2025-06-19,832,19,326,14.35
1598,214,2026-05-18,858,16,331,7.22
1599,147,2025-05-04,861,15,295,15.67
1600,195,2025-02-20,820,18,348,17.05
1601,266,2025-03-04,835,16,296,14.21
1602,245,2025-07-21,884,13,331,6.75
1603,201,2025-04-02,823,20,324,6.57
1604,178,2026-04-11,818,17,335,16.37
1605,85,2025-02-25,896,16,315,21.3
1606,31,2025-01-24,859,16,311,20.15
1607,480,2026-06-06,856,22,307,16.72
1608,396,2025-09-27,839,16,310,8.12
1609,214,2025-08-02,895,25,331,7.76
1610,336,2025-10-11,871,19,324,21.14
1611,202,2025-04-27,852,19,324,12.04
1612,239,2026-01-29,836,26,323,16.38
1613,107,2026-05-29,833,22,299,15.64
1614,409,2025-07-15,866,17,364,15.76
1615,209,2026-06-09,865,18,329,18.14
1616,177,2025-01-14,861,12,322,10.47
1617,291,2025-11-24,842,24,355,7.79
1618,441,2025-11-21,846,27,291,15.12
1619,418,2025-11-07,857,15,315,14.44
1620,217,2025-02-13,859,19,291,10.68
1621,446,2025-09-23,851,15,338,10.0
1622,7,2025-09-19,861,23,317,15.36
1623,356,2026-01-06,863,22,301,14.68
1624,353,2025-11-20,925,15,307,14.0
1625,399,2025-09-13,843,16,332,10.77
1626,176,2026-01-23,872,22,321,15.54
1627,202,2025-07-18,823,14,304,5.68
1628,42,2026-03-24,882,24,312,13.49
1629,47,2025-05-03,884,15,316,18.88
1630,223,2025-05-02,896,21,282,21.17
1631,155,2026-05-20,809,23,326,10.91
1632,252,2025-10-29,843,13,316,17.87
1633,209,2026-03-02,842,15,324,9.3
1634,193,2025-06-09,815,17,316,12.79
1635,255,2026-03-26,828,15,326,8.4
1636,467,2026-05-07,795,16,339,18.5
1637,168,2025-06-23,833,23,277,13.82
1638,389,2025-11-16,860,10,327,15.84
1639,365,2026-01-29,896,19,305,14.38
1640,500,2025-03-01,818,12,344,19.35
1641,286,2026-06-09,909,17,333,5.58
1642,72,2025-05-05,796,13,344,9.84
1643,381,2025-08-23,848,22,319,13.42
1644,331,2026-08-19,887,14,354,22.06
1645,8,2026-08-31,867,22,297,9.08
1646,393,2025-05-08,842,22,320,6.77
1647,88,2025-07-12,837,22,333,9.85
1648,234,2026-04-16,863,16,351,19.27
1649,145,2025-11-18,854,26,317,7.07
1650,120,2026-05-10,884,11,331,8.8
1651,177,2026-08-02,849,22,310,14.63
1652,289,2026-06-28,840,15,292,11.37
1653,69,2025-08-15,878,13,301,7.61
1654,238,2026-07-27,855,22,316,18.19
1655,53,2026-02-01,855,19,321,13.71
1656,428,2025-03-10,839,23,319,18.13
1657,373,2025-11-12,827,19,327,7.54
1658,279,2026-06-18,888,13,309,14.52
1659,372,2026-07-06,864,13,338,18.24
1660,388,2025-01-25,835,19,323,13.84
1661,61,2025-05-21,875,14,297,19.79
1662,461,2025-11-15,878,24,352,6.19
1663,32,2025-09-03,819,22,332,17.94
1664,160,2025-08-09,845,18,324,14.59
1665,240,2025-10-27,840,27,324,13.13
1666,229,2026-01-02,830,19,323,18.98
1667,257,2025-06-20,857,20,315,12.99
1668,456,2025-02-03,883,17,302,6.74
1669,33,2025-08-30,879,15,330,17.59
1670,400,2025-05-02,871,19,321,8.54
1671,207,2026-07-15,890,14,306,13.56
1672,382,2026-01-14,795,19,319,13.23
1673,48,2026-06-06,836,15,313,13.21
1674,461,2025-12-23,808,17,343,4.85
1675,282,2026-03-03,857,20,280,4.44
1676,452,2025-07-22,862,19,319,15.68
1677,42,2025-09-29,806,23,322,14.7
1678,206,2025-05-05,862,18,303,5.53
1679,234,2026-03-10,860,17,291,6.66
1680,131,2025-09-19,843,19,322,7.37
1681,157,2026-03-12,852,15,326,17.23
1682,465,2026-03-27,865,22,308,20.99
1683,436,2025-01-06,871,26,333,4.47
1684,440,2025-02-15,853,20,310,19.98
1685,71,2025-07-02,811,14,321,14.84
1686,145,2025-06-21,837,18,319,15.53
1687,487,2025-02-05,858,16,298,18.63
1688,151,2025-07-16,911,19,298,12.76
1689,223,2026-01-12,873,20,317,7.59
1690,55,2026-04-12,823,14,329,6.9
1691,86,2025-11-08,860,17,331,21.13
1692,474,2026-05-28,875,12,337,7.13
1693,499,2025-02-04,831,17,326,4.37
1694,292,2025-10-10,841,17,308,7.61
1695,52,2025-04-11,876,13,334,16.09
1696,12,2025-04-09,863,19,360,7.73
1697,384,2025-03-04,813,23,317,4.42
1698,40,2025-08-12,837,23,327,19.9
1699,163,2025-02-15,849,27,364,12.27
1700,129,2025-09-17,842,24,341,21.02
1701,376,2025-02-28,841,25,342,12.79
1702,442,2025-12-12,882,22,330,7.16
1703,265,2025-05-27,825,20,329,17.15
1704,496,2026-07-18,846,9,307,13.18
1705,289,2025-09-27,852,25,299,16.51
1706,154,2025-02-05,889,7,325,22.04
1707,45,2025-02-08,865,12,294,9.7
1708,208,2026-02-26,846,18,327,7.78
1709,220,2025-12-26,854,21,327,6.02
1710,417,2026-07-20,837,25,314,4.49
1711,367,2026-04-29,862,24,332,8.03
1712,134,2025-07-26,796,20,294,11.05
1713,139,2026-05-23,860,20,314,9.47
1714,322,2026-08-18,912,29,302,18.29
1715,153,2026-05-26,918,18,297,21.96
1716,432,2025-10-20,798,16,323,10.49
1717,359,2026-02-20,780,15,295,10.59
1718,150,2025-11-01,862,17,301,21.49
1719,5,2025-08-26,813,19,320,7.13
1720,87,2026-03-30,863,20,336,12.68
1721,379,2025-10-01,808,19,315,4.66
1722,30,2025-04-03,812,24,340,9.41
1723,46,2025-06-25,810,22,344,15.75
1724,495,2026-04-29,898,21,348,21.19
1725,228,2025-02-22,818,24,330,9.19
1726,277,2025-03-28,815,15,330,12.79
1727,24,2025-01-26,826,25,327,5.38
1728,434,2026-03-29,854,18,302,10.48
1729,166,2025-09-05,862,20,364,10.93
1730,264,2026-04-23,850,28,326,15.39
1731,463,2025-12-21,822,14,333,11.56
1732,20,2026-05-07,812,24,350,14.18
1733,54,2025-04-08,865,21,290,9.02
1734,409,2025-01-14,860,14,324,11.12
1735,112,2025-01-30,840,20,320,14.7
1736,110,2026-01-27,871,23,342,13.44
1737,465,2025-01-08,841,22,321,10.7
1738,302,2025-11-30,847,21,338,15.4
1739,100,2025-09-30,901,20,327,22.05
1740,324,2025-07-25,869,17,316,4.64
1741,465,2025-10-30,850,10,294,12.55
1742,43,2025-11-30,824,18,312,17.32
1743,297,2025-08-14,834,13,321,8.8
1744,120,2025-03-13,929,16,317,21.03
1745,34,2026-05-19,810,21,312,5.9
1746,457,2025-09-19,812,16,317,9.48
1747,373,2025-03-17,868,17,304,8.37
1748,108,2025-06-22,885,19,331,20.84
1749,267,2025-12-30,869,19,318,6.18
1750,424,2025-02-13,819,18,329,17.4
1751,100,2025-12-10,755,17,338,7.26
1752,76,2025-07-08,885,24,305,15.98
1753,218,2025-08-07,836,10,304,16.12
1754,136,2025-01-15,806,18,307,9.23
1755,56,2025-09-28,851,19,282,15.12
1756,43,2025-07-09,828,19,308,5.48
1757,264,2026-06-11,852,23,354,8.12
1758,237,2025-06-29,828,18,289,4.92
1759,69,2025-10-18,824,10,325,20.51
1760,468,2025-03-07,860,18,318,4.93
1761,17,2025-10-25,871,24,324,10.19
1762,98,2025-08-27,898,18,320,15.92
1763,1,2025-03-02,864,18,346,7.31
1764,303,2025-10-16,832,14,330,9.9
1765,243,2026-04-07,843,23,297,12.63
1766,426,2025-01-22,848,25,333,19.85
1767,393,2026-05-21,892,15,351,8.52
1768,411,2025-10-30,896,16,321,15.19
1769,323,2026-05-11,839,22,308,6.41
1770,54,2025-04-21,795,16,350,13.59
1771,355,2025-03-04,842,13,315,14.8
1772,200,2025-07-16,827,15,332,6.04
1773,65,2026-03-05,893,26,334,15.62
1774,316,2025-03-15,891,16,324,21.66
1775,248,2025-05-03,868,19,304,9.08
1776,174,2026-07-04,837,12,320,11.32
1777,334,2026-08-25,845,17,308,10.93
1778,399,2026-02-07,861,23,329,9.57
1779,416,2025-03-17,805,17,335,9.21
1780,213,2026-04-04,873,17,308,14.76
1781,285,2026-03-31,868,18,305,6.43
1782,477,2026-05-10,857,17,356,7.77
1783,232,2025-01-28,823,21,327,14.29
1784,81,2026-08-08,844,18,345,16.87
1785,254,2025-08-19,888,25,308,21.92
1786,394,2026-05-09,777,18,316,12.55
1787,173,2025-01-08,864,17,320,18.08
1788,249,2025-12-12,839,9,319,7.7
1789,95,2025-12-12,878,16,312,17.05
1790,262,2026-04-03,841,24,307,14.45
1791,427,2025-06-28,811,11,324,5.58
1792,249,2026-02-11,776,20,313,19.39
1793,207,2025-10-12,841,19,349,10.8
1794,141,2025-09-18,880,30,349,20.07
1795,215,2025-12-21,845,23,325,19.54
1796,381,2026-08-27,844,12,317,10.33
1797,186,2025-10-26,852,22,327,8.42
1798,348,2025-02-01,785,11,330,9.58
1799,45,2025-09-13,859,16,305,9.74
1800,3,2026-01-24,895,19,288,18.8
1801,491,2025-04-19,859,10,331,19.51
1802,300,2025-02-26,860,17,314,17.31
1803,175,2026-08-05,854,13,327,4.89
1804,303,2025-04-10,888,13,306,16.55
1805,359,2025-05-10,841,18,302,19.91
1806,370,2025-06-19,820,19,322,10.5
1807,238,2025-09-28,865,19,314,9.07
1808,337,2025-09-04,852,20,302,11.03
1809,161,2026-01-01,824,15,318,4.15
1810,404,2026-04-08,821,18,329,16.96
1811,192,2026-01-13,843,15,327,7.04
1812,298,2025-07-13,859,15,347,10.01
1813,460,2026-05-22,820,21,363,12.24
1814,15,2025-11-05,842,13,304,11.9
1815,45,2025-07-13,869,19,289,6.75
1816,266,2026-05-21,811,15,355,7.65
1817,197,2025-12-27,831,13,311,9.18
1818,166,2025-03-10,814,22,361,15.74
1819,4,2025-06-26,855,13,285,13.18
1820,100,2025-08-27,824,10,326,16.39
1821,207,2025-04-13,857,13,314,5.54
1822,346,2025-11-04,845,21,315,4.44
1823,281,2025-10-21,856,23,330,9.74
1824,207,2025-06-17,856,13,366,5.42
1825,480,2026-07-04,875,24,307,21.62
1826,72,2025-05-02,842,18,306,4.52
1827,445,2025-04-05,850,19,292,14.88
1828,396,2025-07-23,929,24,325,16.03
1829,338,2025-12-13,821,25,324,5.68
1830,248,2025-06-23,858,11,305,21.19
1831,168,2026-02-24,870,12,285,10.69
1832,133,2026-03-16,829,24,332,10.84
1833,81,2026-07-10,904,15,276,16.65
1834,267,2025-01-27,868,22,330,12.61
1835,490,2026-01-31,890,15,310,5.9
1836,9,2025-08-30,877,15,304,18.15
1837,43,2026-07-09,831,18,291,6.35
1838,328,2025-01-01,831,14,326,12.07
1839,224,2025-07-08,852,23,300,16.58
1840,409,2026-08-25,837,15,314,13.29
1841,416,2025-12-10,802,21,297,13.94
1842,135,2025-01-06,868,17,316,16.75
1843,190,2025-06-14,836,24,324,4.54
1844,297,2025-11-28,850,17,365,18.9
1845,209,2025-01-19,838,15,329,6.26
1846,161,2025-06-22,866,12,315,16.73
1847,349,2026-02-02,802,18,349,7.51
1848,377,2026-01-13,851,22,303,10.34
1849,132,2025-10-14,836,18,311,16.3
1850,451,2025-08-28,830,18,332,14.3
1851,161,2025-11-04,826,20,283,7.89
1852,104,2025-01-02,885,27,340,16.53
1853,411,2026-08-16,883,18,287,17.24
1854,460,2025-04-05,867,31,275,5.44
1855,357,2026-02-09,822,21,360,12.86
1856,369,2025-11-16,837,13,358,7.34
1857,134,2025-03-20,828,17,333,14.63
1858,108,2026-08-04,910,22,346,6.51
1859,264,2026-05-28,835,10,336,11.62
1860,488,2025-10-05,889,10,296,19.28
1861,420,2025-09-18,841,11,310,7.18
1862,81,2025-04-13,839,19,340,18.72
1863,148,2025-11-28,873,19,309,8.38
1864,125,2026-04-03,846,24,309,4.41
1865,103,2025-07-16,877,19,328,6.35
1866,174,2026-06-26,842,21,313,5.98
1867,340,2025-04-19,791,15,281,18.76
1868,391,2026-03-23,879,14,329,13.2
1869,113,2026-07-28,832,11,289,10.28
1870,156,2025-01-30,858,25,328,18.88
1871,13,2026-06-05,835,17,305,6.1
1872,366,2025-09-12,847,16,302,8.33
1873,371,2025-03-19,812,17,351,15.75
1874,184,2026-04-21,773,18,342,11.02
1875,283,2026-08-21,836,15,314,10.31
1876,275,2025-08-21,883,25,313,5.18
1877,107,2026-06-08,801,25,322,17.41
1878,178,2026-07-31,873,19,325,19.38
1879,107,2026-01-31,837,21,319,4.48
1880,251,2025-11-19,862,14,313,20.66
1881,366,2025-05-20,813,22,290,17.22
1882,219,2025-06-27,848,13,317,13.21
1883,405,2025-08-10,829,17,296,16.8
1884,254,2026-02-06,864,15,304,5.89
1885,39,2025-07-05,874,14,285,17.79
1886,21,2026-04-10,855,10,316,7.3
1887,157,2025-01-13,877,16,336,21.83
1888,439,2025-09-23,814,31,304,10.19
1889,305,2025-07-01,812,13,320,19.56
1890,428,2026-04-15,865,18,295,15.11
1891,345,2025-02-16,851,19,347,20.55
1892,371,2025-04-06,817,20,322,6.76
1893,488,2026-02-28,845,24,320,14.93
1894,375,2026-01-01,825,23,316,6.04
1895,337,2025-12-06,872,17,299,14.84
1896,64,2026-06-01,839,22,374,6.57
1897,107,2026-08-18,847,16,309,13.73
1898,275,2025-02-22,750,22,311,11.58
1899,33,2025-09-17,836,15,330,15.17
1900,210,2026-05-13,834,18,363,4.45
1901,280,2025-08-23,791,18,377,17.23
1902,377,2026-03-06,818,21,304,8.28
1903,192,2026-05-29,847,16,332,6.82
1904,306,2025-05-11,822,17,327,20.06
1905,455,2026-01-01,807,16,318,11.6
1906,243,2026-03-10,837,15,320,18.89
1907,234,2026-07-22,883,11,332,21.54
1908,55,2025-09-28,864,15,327,11.01
1909,303,2025-07-13,792,13,351,14.71
1910,41,2025-12-24,922,15,290,15.81
1911,300,2026-04-03,833,18,305,15.04
1912,382,2025-09-15,901,28,310,10.28
1913,499,2025-05-28,912,11,311,20.47
1914,255,2026-05-25,802,20,296,15.48
1915,19,2025-04-27,910,15,318,18.51
1916,194,2025-05-03,868,25,301,18.39
1917,98,2026-02-12,834,19,350,10.89
1918,264,2026-07-06,825,10,319,14.9
1919,59,2026-01-31,864,22,330,7.53
1920,48,2025-12-08,884,8,321,13.14
1921,190,2025-02-21,844,15,296,7.37
1922,393,2025-05-23,878,18,325,21.51
1923,301,2026-06-12,847,14,344,13.74
1924,35,2025-06-11,839,13,370,6.71
1925,374,2025-03-05,859,22,340,5.53
1926,368,2025-12-05,872,18,288,6.7
1927,124,2026-07-27,859,17,327,16.27
1928,435,2025-07-27,863,15,293,8.68
1929,18,2025-04-10,867,14,359,6.15
1930,31,2026-04-29,867,16,286,7.63
1931,273,2026-01-22,828,12,340,10.14
1932,422,2025-09-08,868,23,321,5.81
1933,311,2026-03-12,879,13,326,13.67
1934,168,2026-04-20,845,15,322,10.96
1935,212,2026-04-19,835,14,330,19.35
1936,8,2026-07-29,815,17,336,16.03
1937,328,2026-05-26,802,22,302,12.83
1938,20,2025-09-28,911,21,300,22.35
1939,473,2025-11-03,797,22,322,15.91
1940,452,2026-05-05,862,13,309,12.11
1941,357,2025-06-19,830,23,314,9.08
1942,288,2025-04-08,855,24,317,10.48
1943,457,2026-07-14,839,22,305,18.01
1944,83,2025-01-06,859,23,355,18.52
1945,358,2026-03-01,885,23,327,13.28
1946,308,2025-04-03,814,23,341,17.42
1947,246,2025-12-21,837,15,301,15.6
1948,279,2025-08-10,863,16,288,18.89
1949,212,2026-03-02,866,17,294,9.55
1950,304,2025-05-31,857,15,331,16.26
1951,135,2026-02-05,836,19,330,19.54
1952,6,2025-12-30,849,21,307,17.45
1953,195,2025-12-07,849,11,319,13.34
1954,175,2025-08-14,809,18,301,7.41
1955,100,2026-07-21,791,17,298,12.96
1956,473,2026-07-28,855,18,325,13.39
1957,371,2025-08-24,813,17,326,14.17
1958,298,2025-01-09,857,22,319,16.19
1959,473,2025-06-26,853,19,307,7.71
1960,175,2025-02-26,804,24,334,7.74
1961,221,2025-12-25,882,21,308,11.19
1962,231,2025-12-02,845,18,354,18.95
1963,350,2025-06-13,896,19,327,6.51
1964,111,2026-07-05,864,15,322,11.77
1965,464,2026-01-15,900,22,321,21.41
1966,8,2026-02-09,884,21,343,10.5
1967,345,2025-04-02,842,20,321,13.96
1968,188,2026-05-04,805,18,314,13.3
1969,375,2025-04-19,829,17,307,5.86
1970,39,2025-10-25,865,19,280,17.73
1971,461,2025-02-06,793,23,352,9.22
1972,307,2025-02-06,844,20,304,13.91
1973,215,2026-08-22,824,10,332,13.28
1974,450,2025-04-22,816,24,355,6.68
1975,221,2025-11-12,822,17,292,9.49
1976,292,2025-09-12,856,17,328,5.32
1977,350,2025-06-15,895,22,321,12.36
1978,265,2026-02-11,816,16,338,4.94
1979,115,2026-07-26,864,18,303,17.37
1980,482,2026-03-05,826,17,339,12.75
1981,14,2026-07-26,853,16,333,14.8
1982,296,2025-12-08,858,14,277,13.59
1983,442,2026-06-14,818,23,330,19.88
1984,77,2026-06-18,831,27,294,4.72
1985,437,2025-02-17,806,12,315,6.01
1986,294,2026-07-31,877,21,327,7.04
1987,233,2025-07-05,855,18,322,9.02
1988,273,2026-08-16,860,14,310,16.99
1989,250,2025-03-27,847,14,354,7.09
1990,332,2025-06-14,798,20,310,15.37
1991,83,2025-11-26,861,22,328,17.62
1992,279,2025-04-30,878,16,329,8.56
1993,91,2025-06-20,829,21,330,19.17
1994,156,2026-01-29,775,26,322,12.85
1995,496,2025-12-31,840,23,315,5.76
1996,369,2025-05-06,896,23,329,20.83
1997,142,2026-06-27,844,18,325,14.74
1998,164,2026-04-14,843,22,335,21.05
1999,264,2025-10-30,873,16,340,5.25
2000,481,2025-10-21,870,11,340,11.43
2001,13,2026-05-11,842,25,305,19.15
2002,200,2025-12-23,865,10,301,13.59
2003,175,2026-02-27,832,24,303,14.86
2004,436,2025-08-31,886,21,328,7.83
2005,150,2025-01-25,831,18,332,9.15
2006,386,2025-05-10,818,14,299,9.29
2007,464,2026-06-28,854,19,327,19.3
2008,298,2025-10-29,825,31,333,10.7
2009,67,2026-06-22,855,18,283,17.54
2010,496,2026-01-31,820,11,381,5.3
2011,208,2026-04-15,831,15,334,4.52
2012,140,2025-12-08,843,15,323,17.77
2013,301,2025-06-09,844,20,297,13.4
2014,199,2025-08-07,807,12,306,17.94
2015,300,2025-11-23,848,19,303,18.92
2016,165,2025-01-29,878,11,339,7.44
2017,353,2025-08-12,868,19,320,5.97
2018,475,2026-01-31,882,12,346,15.71
2019,222,2026-02-23,868,8,318,13.74
2020,21,2025-03-03,890,15,321,11.39
2021,475,2025-11-09,841,21,318,6.49
2022,300,2025-12-23,862,20,351,13.7
2023,211,2026-05-30,901,22,309,19.12
2024,500,2026-07-08,865,22,329,7.31
2025,400,2025-12-09,841,12,292,16.61
2026,355,2026-06-15,796,11,303,5.68
2027,136,2025-06-23,839,23,350,15.0
2028,56,2026-06-10,870,22,307,13.74
2029,104,2025-01-02,800,13,301,12.1
2030,181,2026-06-12,813,19,324,11.22
2031,166,2025-07-14,846,18,308,19.85
2032,384,2025-02-10,882,23,323,9.77
2033,368,2025-05-10,813,14,344,10.83
2034,100,2025-09-17,900,20,316,20.88
2035,325,2025-10-29,832,18,302,11.16
2036,23,2025-08-13,839,17,343,12.78
2037,118,2026-02-17,874,20,344,21.74
2038,468,2025-07-05,860,19,312,18.97
2039,137,2025-05-09,855,18,348,8.6
2040,22,2026-04-29,915,17,331,9.57
2041,395,2025-10-23,818,17,305,8.67
2042,329,2025-01-11,859,20,324,10.6
2043,60,2025-07-26,879,11,334,21.86
2044,166,2025-02-05,835,20,317,7.53
2045,358,2025-03-27,806,16,340,19.02
2046,191,2025-05-10,823,20,350,8.4
2047,343,2025-05-01,892,14,323,20.82
2048,63,2025-08-21,829,19,320,18.77
2049,296,2026-06-14,869,16,324,4.35
2050,134,2025-11-21,826,18,336,4.56
2051,343,2025-04-11,858,29,351,6.05
2052,239,2026-05-02,859,14,284,15.63
2053,192,2025-07-18,881,14,300,20.28
2054,189,2025-04-15,801,18,304,15.93
2055,472,2025-09-06,863,18,318,13.64
2056,335,2025-12-12,847,17,327,19.41
2057,462,2025-12-20,829,14,320,5.22
2058,484,2025-10-23,838,19,305,20.7
2059,185,2025-08-17,892,20,338,14.16
2060,219,2026-06-01,861,19,292,20.66
2061,1,2026-02-09,867,19,316,20.73
2062,471,2026-04-20,825,22,332,4.47
2063,465,2025-03-20,884,17,355,14.4
2064,368,2025-03-04,896,23,341,12.57
2065,178,2025-05-26,914,22,324,20.29
2066,396,2025-04-26,851,23,328,4.47
2067,180,2025-09-05,847,15,345,11.73
2068,11,2025-08-27,830,17,319,13.18
2069,422,2025-05-30,841,17,303,16.7
2070,103,2026-07-28,843,12,288,12.97
2071,397,2025-04-28,904,19,321,21.13
2072,482,2026-06-16,864,16,304,17.91
2073,110,2026-05-19,836,23,318,15.2
2074,91,2025-09-02,784,10,304,11.52
2075,243,2025-11-22,834,18,304,8.67
2076,440,2025-05-04,872,22,346,10.51
2077,73,2026-08-16,884,20,334,12.92
2078,105,2025-09-28,808,19,305,11.28
2079,7,2025-01-24,862,17,294,6.57
2080,392,2025-04-19,875,15,324,17.37
2081,191,2025-08-21,883,19,303,12.53
2082,113,2025-02-04,855,27,310,20.69
2083,288,2026-05-26,881,20,322,14.38
2084,168,2025-06-25,773,14,339,8.32
2085,500,2025-09-14,834,11,334,10.31
2086,392,2025-05-13,901,20,339,16.06
2087,196,2025-02-23,864,20,281,20.47
2088,329,2025-12-01,877,18,325,4.93
2089,303,2026-01-19,849,17,317,14.1
2090,444,2025-11-30,893,33,353,6.87
2091,499,2025-11-24,887,14,348,5.33
2092,137,2025-01-11,800,22,329,8.17
2093,222,2025-09-02,868,25,322,17.32
2094,57,2025-06-13,830,17,330,18.01
2095,44,2026-01-23,876,17,336,21.42
2096,38,2025-02-10,830,21,308,18.36
2097,433,2025-07-28,860,13,321,11.14
2098,272,2026-07-15,861,23,312,6.69
2099,458,2026-04-03,909,27,287,14.42
2100,395,2025-05-10,851,15,312,18.22
2101,154,2025-04-02,916,17,308,6.48
2102,487,2026-07-22,870,22,326,20.15
2103,316,2026-07-10,827,16,382,6.77
2104,115,2025-04-24,868,17,325,12.86
2105,386,2025-06-05,920,14,333,11.42
2106,67,2026-04-21,859,15,300,4.71
2107,331,2026-01-04,830,26,321,12.99
2108,421,2025-09-03,886,11,309,13.46
2109,237,2026-03-10,830,19,358,6.08
2110,353,2025-10-02,831,12,338,18.3
2111,45,2025-02-23,864,24,307,15.66
2112,479,2025-12-09,850,18,332,7.32
2113,477,2026-02-24,840,14,320,12.46
2114,49,2025-12-01,842,28,326,6.48
2115,67,2026-08-27,874,9,324,18.14
2116,176,2025-07-23,825,22,330,19.06
2117,126,2025-10-21,824,19,322,19.23
2118,49,2026-04-24,837,14,332,7.64
2119,244,2025-02-21,897,19,335,13.44
2120,236,2026-04-29,850,19,311,11.48
2121,140,2025-07-28,880,20,312,16.35
2122,5,2025-04-06,848,18,326,15.03
2123,243,2025-08-18,832,13,323,15.12
2124,320,2026-05-13,863,22,329,10.34
2125,177,2026-08-15,859,27,307,14.11
2126,368,2025-11-07,821,18,339,8.71
2127,19,2026-05-02,917,14,301,12.63
2128,178,2025-10-01,902,11,325,14.15
2129,330,2026-01-13,883,19,316,17.11
2130,351,2025-06-14,868,14,322,16.77
2131,121,2026-02-01,871,16,317,21.52
2132,335,2025-03-11,825,15,325,15.9
2133,133,2026-05-08,881,17,289,11.67
2134,68,2025-04-26,822,10,349,16.53
2135,220,2026-03-30,798,20,303,9.46
2136,110,2025-12-20,821,24,336,13.95
2137,175,2025-12-11,843,15,324,4.48
2138,260,2026-05-06,811,21,297,11.01
2139,484,2026-06-08,820,23,282,16.41
2140,389,2025-07-21,854,18,293,10.43
2141,36,2025-08-07,868,15,346,14.36
2142,304,2026-01-03,914,16,311,6.47
2143,283,2026-08-07,869,19,286,12.31
2144,40,2026-02-22,839,12,339,20.57
2145,108,2026-07-12,804,18,347,18.88
2146,237,2026-02-23,856,21,318,15.15
2147,191,2025-11-16,841,23,322,19.06
2148,94,2025-08-06,836,16,348,15.52
2149,205,2025-03-24,910,20,320,6.1
2150,4,2025-10-23,866,13,348,9.94
2151,56,2025-04-03,852,19,306,11.21
2152,440,2026-05-13,846,24,305,8.6
2153,55,2025-07-10,829,19,316,8.61
2154,139,2026-01-24,874,17,319,5.64
2155,46,2025-10-22,860,11,296,13.77
2156,356,2025-12-07,814,18,299,14.45
2157,92,2025-08-06,891,13,343,6.91
2158,97,2025-09-08,904,10,325,20.51
2159,124,2026-05-12,832,12,318,11.04
2160,435,2025-04-30,860,12,290,18.54
2161,314,2025-02-19,805,18,323,17.21
2162,458,2026-04-29,905,17,312,12.6
2163,49,2025-10-24,799,11,310,4.49
2164,10,2025-06-25,827,23,292,15.75
2165,211,2026-07-30,855,25,275,20.14
2166,255,2025-09-01,873,18,319,21.36
2167,426,2026-08-25,860,17,300,6.62
2168,260,2025-02-20,850,20,312,5.61
2169,97,2026-05-30,871,27,324,7.62
2170,109,2025-07-28,847,17,309,17.11
2171,282,2026-06-13,837,13,279,7.2
2172,304,2026-08-23,851,24,286,14.61
2173,443,2025-12-22,891,21,293,20.7
2174,196,2025-09-07,835,15,321,14.43
2175,212,2025-10-23,920,22,339,16.29
2176,145,2026-02-04,831,11,316,14.15
2177,118,2026-08-26,850,21,300,12.03
2178,254,2026-06-10,820,23,310,9.53
2179,415,2026-02-20,840,15,309,16.82
2180,250,2025-12-16,890,17,307,17.21
2181,114,2026-05-23,802,21,324,19.86
2182,496,2026-03-06,796,23,315,10.33
2183,175,2026-07-05,836,20,334,13.02
2184,430,2025-07-16,852,29,311,8.4
2185,67,2025-07-18,825,25,307,19.62
2186,115,2025-05-09,818,13,314,4.47
2187,412,2025-05-21,853,19,301,6.31
2188,115,2025-01-19,872,20,299,6.5
2189,340,2025-09-11,797,15,316,19.33
2190,210,2026-01-05,880,16,345,18.21
2191,414,2025-07-27,864,16,299,7.15
2192,235,2025-03-20,853,18,327,9.73
2193,161,2026-05-24,845,20,331,17.33
2194,406,2026-05-07,869,14,331,14.61
2195,152,2026-01-06,828,22,308,4.36
2196,345,2025-08-13,839,12,327,18.82
2197,145,2026-08-12,862,15,318,6.73
2198,338,2025-02-08,814,17,307,19.79
2199,67,2025-01-12,788,16,338,12.52
2200,303,2026-02-20,866,12,317,10.66
2201,261,2026-03-16,837,27,282,8.51
2202,442,2026-05-13,819,26,296,12.77
2203,337,2025-09-08,881,10,333,4.59
2204,12,2025-09-09,859,20,339,17.62
2205,333,2025-02-09,863,15,317,12.36
2206,40,2026-01-27,826,16,290,18.8
2207,55,2026-02-25,853,14,345,19.18
2208,249,2025-03-15,846,12,276,10.6
2209,275,2026-06-14,876,21,310,17.89
2210,80,2026-03-03,839,21,341,9.48
2211,425,2025-12-21,858,16,329,5.16
2212,294,2025-09-21,845,21,296,7.98
2213,213,2025-12-03,857,21,307,13.31
2214,230,2025-02-16,849,17,339,17.42
2215,491,2026-03-17,838,21,322,20.7
2216,266,2025-08-29,806,21,321,17.83
2217,185,2026-05-24,831,17,340,7.01
2218,487,2026-01-15,830,18,329,4.67
2219,467,2025-08-10,777,11,347,16.17
2220,212,2026-07-16,799,10,348,14.07
2221,167,2025-01-09,836,10,314,4.82
2222,155,2026-02-11,819,11,303,18.2
2223,352,2026-04-10,804,16,318,10.32
2224,131,2025-12-16,879,17,332,4.45
2225,234,2025-05-19,873,20,353,21.63
2226,21,2025-12-09,852,18,336,12.83
2227,205,2026-03-06,868,20,329,19.13
2228,137,2025-08-22,819,25,322,11.39
2229,445,2026-02-03,828,20,300,4.22
2230,389,2025-09-29,849,23,313,9.95
2231,425,2025-03-20,856,17,340,5.23
2232,306,2026-05-13,902,21,328,4.89
2233,46,2025-11-28,800,14,318,16.46
2234,66,2026-04-17,849,13,323,9.78
2235,427,2026-06-22,809,23,342,15.91
2236,304,2025-05-24,832,17,298,19.74
2237,451,2026-02-18,844,19,291,14.0
2238,432,2026-03-04,851,21,288,5.54
2239,156,2025-05-04,808,12,310,7.65
2240,175,2025-02-10,843,10,333,19.15
2241,226,2026-04-03,828,16,321,11.63
2242,130,2026-05-02,839,16,314,14.13
2243,446,2026-03-03,864,22,281,9.19
2244,90,2025-05-17,875,20,300,20.36
2245,472,2025-04-28,880,26,326,9.62
2246,265,2026-08-17,814,21,312,10.5
2247,377,2026-07-30,837,21,315,6.64
2248,129,2025-07-20,892,27,325,5.62
2249,82,2026-07-03,833,15,301,5.15
2250,77,2026-07-24,852,21,337,14.16
2251,210,2025-10-16,872,12,315,5.35
2252,20,2026-02-06,848,18,309,11.4
2253,36,2025-08-27,870,19,313,13.3
2254,271,2025-09-24,855,18,314,12.62
2255,458,2025-01-12,883,13,292,15.65
2256,137,2025-06-06,835,20,322,7.89
2257,86,2025-11-11,872,19,334,16.91
2258,357,2025-07-30,825,32,316,15.42
2259,413,2026-01-01,872,20,322,20.04
2260,117,2025-01-20,868,21,308,9.4
2261,118,2025-02-24,799,19,302,12.74
2262,129,2026-04-21,860,19,337,19.93
2263,176,2025-11-06,864,18,323,16.56
2264,118,2026-08-24,850,13,299,15.86
2265,167,2026-07-28,862,23,342,19.43
2266,332,2026-08-15,839,9,316,6.87
2267,165,2026-06-02,841,20,354,14.69
2268,41,2025-12-08,850,27,319,18.68
2269,58,2025-08-15,832,13,299,10.52
2270,445,2025-07-26,828,26,323,15.2
2271,437,2025-04-03,852,24,285,9.67
2272,28,2026-03-25,854,21,292,10.2
2273,68,2026-04-08,825,12,360,4.25
2274,210,2025-05-01,825,16,317,18.98
2275,337,2026-06-14,886,12,328,17.36
2276,382,2026-08-28,862,16,325,6.14
2277,182,2026-08-05,857,16,342,4.62
2278,178,2025-08-14,819,21,362,20.2
2279,268,2025-11-23,870,22,293,16.92
2280,333,2025-03-16,828,20,330,4.42
2281,432,2025-10-04,789,18,299,13.26
2282,149,2025-07-17,854,17,303,4.8
2283,467,2025-09-17,848,12,320,8.0
2284,322,2026-08-29,814,18,286,16.8
2285,208,2025-07-29,903,14,337,12.0
2286,78,2026-03-23,846,16,323,5.06
2287,408,2025-05-16,841,22,334,4.74
2288,276,2025-03-10,808,19,333,7.36
2289,62,2025-10-17,817,19,349,5.24
2290,175,2026-04-13,852,22,342,20.59
2291,104,2026-08-21,861,21,319,18.43
2292,147,2025-01-29,865,16,313,17.36
2293,211,2025-04-16,834,13,290,18.77
2294,173,2026-06-21,822,19,310,20.01
2295,254,2025-02-28,856,14,337,10.16
2296,328,2026-03-13,869,21,333,18.59
2297,382,2026-05-25,853,21,320,19.13
2298,451,2026-07-20,831,17,335,18.43
2299,319,2025-09-11,849,19,328,10.68
2300,109,2025-05-01,873,31,310,4.46
2301,87,2026-06-02,889,19,344,11.31
2302,264,2026-01-25,827,10,329,15.61
2303,394,2025-07-17,849,22,322,8.25
2304,409,2026-07-31,853,23,311,11.85
2305,129,2025-07-01,895,12,334,16.53
2306,125,2025-07-07,871,22,329,15.49
2307,272,2025-01-14,852,16,324,17.11
2308,268,2026-07-18,861,12,329,12.84
2309,414,2025-06-11,833,11,291,11.49
2310,480,2025-05-27,857,25,329,13.86
2311,258,2026-07-03,823,23,315,5.16
2312,366,2025-07-22,823,23,293,6.93
2313,105,2026-02-08,842,21,318,5.54
2314,235,2026-07-22,870,33,334,14.3
2315,180,2025-09-28,854,15,286,15.04
2316,435,2025-10-30,919,21,315,14.53
2317,480,2026-04-18,857,13,331,14.3
2318,498,2025-05-03,835,20,294,12.22
2319,188,2025-06-11,800,13,320,12.64
2320,379,2025-05-16,855,20,329,16.25
2321,214,2025-07-30,818,16,343,7.06
2322,269,2026-03-11,878,14,310,20.5
2323,304,2026-04-20,850,14,292,13.04
2324,181,2025-03-21,859,16,287,20.46
2325,285,2025-12-07,883,16,323,21.39
2326,54,2025-10-19,825,18,318,17.57
2327,434,2026-08-30,853,13,314,9.4
2328,28,2025-03-24,848,12,313,15.27
2329,279,2025-09-04,860,19,316,5.57
2330,323,2026-06-17,854,24,304,15.38
2331,303,2025-04-10,841,19,354,8.37
2332,74,2026-06-19,832,15,312,8.32
2333,146,2026-04-09,868,11,300,15.53
2334,80,2026-06-11,858,12,342,9.66
2335,437,2026-05-30,809,9,315,14.78
2336,307,2026-07-10,847,20,313,4.64
2337,418,2025-11-02,900,24,319,5.21
2338,304,2026-03-27,790,15,328,14.31
2339,83,2026-01-25,828,20,358,10.52
2340,300,2025-04-15,830,20,340,11.57
2341,229,2026-01-04,862,18,298,5.31
2342,223,2025-11-06,813,18,338,6.41
2343,481,2025-02-19,850,24,347,5.75
2344,411,2025-12-21,868,13,331,6.49
2345,227,2025-06-13,898,16,309,7.74
2346,41,2026-07-22,893,16,289,5.31
2347,104,2025-10-28,822,20,351,19.85
2348,225,2025-12-22,860,20,283,6.57
2349,209,2025-09-27,863,16,341,9.54
2350,318,2026-06-18,848,17,301,17.82
2351,391,2025-10-25,825,15,327,9.52
2352,469,2026-03-12,894,23,331,15.63
2353,123,2025-10-30,805,21,302,8.45
2354,377,2026-03-21,868,22,334,15.32
2355,356,2026-06-06,898,16,345,5.31
2356,152,2025-07-15,872,18,281,6.57
2357,446,2026-06-04,818,25,315,10.69
2358,308,2025-12-29,857,13,342,15.82
2359,256,2026-06-26,870,20,333,18.0
2360,124,2025-04-22,840,18,321,15.68
2361,466,2025-05-25,825,24,322,12.97
2362,352,2026-07-12,841,18,328,18.25
2363,393,2026-05-22,895,17,335,5.83
2364,332,2026-06-14,852,17,352,19.62
2365,53,2026-07-07,864,23,352,10.38
2366,307,2025-07-05,891,21,335,18.52
2367,432,2026-05-05,807,17,311,7.13
2368,426,2026-03-22,855,14,311,14.5
2369,499,2026-03-03,888,17,307,14.09
2370,473,2025-12-24,837,25,294,13.66
2371,17,2025-07-12,822,16,307,14.87
2372,57,2025-10-12,874,16,331,20.93
2373,90,2025-04-17,866,20,306,8.5
2374,184,2025-01-21,833,17,349,9.4
2375,260,2025-05-17,849,17,330,8.62
2376,313,2026-06-05,874,26,298,14.67
2377,104,2025-07-13,874,18,296,10.8
2378,209,2025-07-12,895,18,319,18.18
2379,378,2025-03-14,874,31,291,11.42
2380,280,2026-07-12,879,23,335,9.61
2381,481,2026-01-26,878,19,342,7.17
2382,160,2026-05-21,832,11,337,13.66
2383,213,2026-04-11,853,19,341,15.12
2384,33,2025-03-05,831,22,322,18.71
2385,349,2026-06-17,802,12,335,13.5
2386,378,2025-03-27,848,18,332,18.06
2387,202,2025-12-23,825,19,292,17.07
2388,136,2025-01-12,865,19,309,19.67
2389,220,2026-04-07,864,13,308,16.74
2390,231,2025-07-28,829,16,307,12.13
2391,423,2025-11-04,829,18,346,9.99
2392,61,2026-07-16,903,20,317,9.53
2393,203,2026-01-02,865,15,324,13.73
2394,491,2025-11-04,827,18,301,11.6
2395,500,2026-02-13,837,19,298,15.92
2396,369,2026-06-08,874,18,328,14.97
2397,26,2025-09-30,859,20,353,19.12
2398,62,2026-02-01,845,15,300,15.14
2399,169,2025-08-28,862,20,313,12.36
2400,472,2025-01-20,820,17,321,18.02
2401,40,2026-03-26,785,19,296,16.18
2402,78,2025-04-07,809,14,315,15.98
2403,482,2025-03-17,870,17,309,8.72
2404,329,2025-06-18,875,13,321,10.04
2405,164,2026-08-26,839,21,350,14.22
2406,307,2025-09-19,873,23,371,18.85
2407,456,2026-03-03,776,18,300,11.64
2408,286,2026-04-26,855,15,317,9.51
2409,359,2026-02-18,788,19,315,10.29
2410,410,2026-03-18,872,15,345,6.05
2411,236,2026-02-02,870,19,346,21.41
2412,284,2026-05-01,913,18,323,8.21
2413,402,2025-01-23,852,24,333,10.76
2414,197,2025-10-03,780,18,326,8.7
2415,264,2026-02-05,852,14,310,9.51
2416,425,2025-02-21,858,19,326,14.31
2417,56,2025-01-12,896,16,342,16.37
2418,486,2025-12-01,862,24,348,5.01
2419,162,2026-05-22,860,16,316,11.06
2420,209,2025-07-12,814,18,311,5.2
2421,468,2026-01-04,860,17,312,12.2
2422,96,2025-04-05,837,21,326,17.69
2423,382,2026-08-10,854,15,332,9.52
2424,112,2026-01-01,838,21,311,10.49
2425,143,2025-06-04,869,14,329,8.77
2426,173,2025-02-11,845,15,336,9.43
2427,323,2025-06-04,874,24,318,18.95
2428,38,2025-11-28,896,17,349,5.14
2429,35,2025-05-07,845,20,355,4.84
2430,361,2025-07-14,833,14,331,8.22
2431,491,2025-04-19,771,13,334,14.02
2432,197,2026-02-12,892,16,308,21.07
2433,358,2025-09-09,816,14,321,17.32
2434,217,2025-03-12,844,18,308,4.63
2435,167,2025-04-08,818,25,294,14.48
2436,371,2025-10-15,857,27,312,10.32
2437,369,2025-05-31,859,27,339,4.62
2438,206,2026-05-18,907,23,327,14.93
2439,101,2025-06-23,839,22,302,10.15
2440,443,2026-03-22,882,17,316,4.63
2441,48,2026-02-08,878,13,297,12.89
2442,454,2025-03-29,839,23,346,16.69
2443,462,2026-06-12,831,12,337,16.93
2444,208,2026-06-19,882,13,318,18.64
2445,279,2025-07-17,843,14,332,16.38
2446,357,2025-07-16,881,19,325,11.65
2447,122,2025-06-18,852,12,322,5.88
2448,8,2025-03-16,860,30,337,12.71
2449,33,2025-03-03,840,17,332,14.64
2450,395,2026-01-22,815,22,306,20.23
2451,139,2026-07-20,838,20,336,12.79
2452,373,2026-08-11,848,18,352,9.25
2453,395,2026-05-16,831,14,312,12.95
2454,125,2025-11-11,835,17,314,10.8
2455,83,2025-03-07,857,26,264,18.88
2456,284,2025-11-07,861,15,310,14.75
2457,293,2025-05-19,850,21,318,16.54
2458,361,2025-09-25,821,14,302,16.41
2459,384,2026-04-18,839,19,306,13.16
2460,145,2025-03-08,832,18,283,18.91
2461,207,2025-04-04,852,19,353,20.28
2462,7,2025-05-17,839,22,332,7.06
2463,122,2025-12-02,801,19,304,6.61
2464,374,2026-06-04,900,18,324,9.33
2465,133,2026-07-03,886,29,319,20.42
2466,257,2025-10-14,872,14,344,20.57
2467,306,2025-07-26,855,13,319,10.49
2468,144,2025-06-04,764,13,330,10.38
2469,90,2025-03-14,854,23,331,5.9
2470,98,2026-04-17,878,11,313,5.59
2471,297,2025-06-14,844,13,313,20.24
2472,89,2025-02-23,769,12,324,14.53
2473,152,2025-08-21,862,20,328,6.24
2474,378,2026-04-27,847,14,342,16.13
2475,300,2025-07-27,823,20,348,11.89
2476,105,2025-09-12,821,16,315,11.66
2477,462,2026-07-19,844,18,338,18.49
2478,494,2025-09-30,869,22,313,9.64
2479,187,2026-02-20,853,12,275,6.51
2480,171,2025-03-04,865,18,335,20.38
2481,235,2025-04-21,834,23,321,20.62
2482,262,2025-05-01,836,19,356,13.64
2483,56,2025-04-15,877,17,329,15.4
2484,117,2026-04-04,874,21,334,21.43
2485,43,2025-06-20,860,16,269,10.49
2486,408,2025-02-10,833,14,338,11.44
2487,159,2026-03-20,868,15,346,14.07
2488,350,2026-07-23,908,21,335,8.79
2489,495,2025-08-05,861,24,313,4.51
2490,35,2026-02-15,870,19,313,14.78
2491,466,2025-09-24,902,21,312,8.45
2492,344,2025-06-23,838,22,315,11.83
2493,227,2026-08-11,819,17,331,15.04
2494,147,2025-02-08,795,15,316,7.74
2495,260,2025-06-03,831,17,316,18.37
2496,103,2026-03-21,849,11,365,10.21
2497,226,2025-12-28,860,15,331,8.01
2498,203,2025-10-21,814,13,275,12.54
2499,69,2025-08-30,817,9,325,11.09
2500,147,2026-02-04,885,14,330,9.71
2501,22,2025-09-25,841,17,296,14.61
2502,113,2025-08-31,875,13,314,19.11
2503,389,2026-02-01,923,24,314,8.81
2504,59,2025-08-24,805,18,326,7.45
2505,23,2025-03-01,880,19,340,19.0
2506,138,2025-11-29,895,17,350,14.54
2507,197,2025-12-09,835,17,329,18.58
2508,411,2025-01-03,833,15,314,12.5
2509,324,2025-07-26,808,16,341,11.34
2510,443,2025-05-12,859,31,337,15.29
2511,16,2025-09-28,823,25,330,5.26
2512,130,2025-12-06,827,19,313,16.98
2513,171,2025-05-26,857,18,335,11.58
2514,463,2025-04-26,817,23,325,8.83
2515,51,2025-02-11,849,21,303,5.24
2516,280,2025-11-29,897,20,328,15.78
2517,439,2025-12-12,831,16,337,14.73
2518,232,2026-02-12,856,12,305,19.86
2519,165,2025-05-06,831,16,283,8.76
2520,13,2025-03-28,832,16,306,20.49
2521,164,2026-03-16,862,25,336,6.55
2522,3,2025-09-29,837,17,334,14.94
2523,34,2026-04-17,903,19,284,16.23
2524,351,2026-02-07,827,16,289,7.26
2525,212,2026-03-07,866,15,328,7.74
2526,303,2025-08-08,879,17,333,19.21
2527,165,2025-01-07,839,19,320,19.16
2528,275,2025-02-16,855,22,301,6.96
2529,306,2026-06-19,834,8,282,4.76
2530,144,2025-06-04,862,20,328,18.63
2531,291,2025-03-20,856,13,320,6.95
2532,321,2026-02-18,855,10,326,14.64
2533,355,2025-01-11,898,10,259,20.93
2534,479,2025-11-17,900,22,329,17.2
2535,341,2026-06-17,900,16,313,19.68
2536,14,2025-02-24,842,19,340,19.57
2537,228,2026-02-26,864,21,323,12.38
2538,473,2025-03-18,832,21,301,17.35
2539,271,2025-12-02,887,15,316,9.77
2540,12,2025-05-18,865,10,320,18.8
2541,330,2026-01-02,876,16,318,13.7
2542,238,2025-04-17,855,19,327,7.53
2543,414,2026-04-23,863,18,288,21.02
2544,465,2025-06-18,802,13,315,7.89
2545,97,2026-02-08,861,16,330,4.69
2546,163,2025-09-16,836,29,336,9.47
2547,454,2026-05-31,889,22,354,15.94
2548,102,2025-05-22,873,14,337,4.52
2549,65,2026-05-30,813,17,322,8.07
2550,98,2026-02-28,891,28,294,5.15
2551,215,2026-04-17,820,13,343,5.54
2552,121,2026-02-01,870,20,330,18.82
2553,442,2026-03-19,847,17,316,7.4
2554,158,2025-05-16,820,20,313,4.81
2555,441,2026-06-17,821,17,323,10.56
2556,18,2025-11-01,882,16,338,5.89
2557,475,2025-04-19,845,26,328,17.07
2558,270,2025-12-30,876,11,330,4.6
2559,86,2026-05-17,828,18,346,15.07
2560,439,2025-01-15,858,26,343,9.5
2561,112,2026-01-21,828,16,349,8.18
2562,13,2025-06-08,853,19,329,6.17
2563,199,2026-03-30,810,27,317,5.16
2564,11,2025-09-23,816,11,318,13.86
2565,32,2025-04-16,858,12,342,17.82
2566,114,2025-04-26,855,22,330,13.81
2567,409,2025-11-29,894,14,343,12.48
2568,235,2025-10-12,791,15,297,5.04
2569,395,2025-03-17,875,11,299,17.04
2570,374,2026-05-09,870,17,343,20.56
2571,5,2025-05-14,832,25,330,14.74
2572,268,2025-01-23,799,20,338,9.82
2573,102,2026-07-07,879,18,327,11.18
2574,233,2025-12-03,828,12,351,5.82
2575,351,2026-08-27,859,16,311,19.66
2576,252,2025-01-07,825,19,306,17.89
2577,413,2025-08-06,815,16,316,13.41
2578,352,2026-04-28,860,19,333,12.3
2579,46,2025-05-05,787,10,310,17.99
2580,218,2025-02-15,816,15,302,14.62
2581,107,2025-10-24,864,16,351,14.84
2582,262,2025-10-20,878,11,332,17.24
2583,357,2025-11-03,789,18,319,16.22
2584,321,2025-01-25,836,19,310,5.59
2585,403,2025-03-29,857,28,323,15.24
2586,280,2026-04-08,842,13,318,8.84
2587,352,2026-04-28,896,15,307,17.09
2588,236,2026-05-02,872,19,299,17.01
2589,424,2025-08-19,881,19,326,14.49
2590,308,2025-02-06,876,18,318,16.19
2591,114,2026-02-24,844,18,322,19.9
2592,136,2025-08-19,858,16,303,6.84
2593,121,2025-10-08,867,20,334,17.65
2594,185,2025-02-07,827,19,334,6.97
2595,67,2026-04-05,863,18,326,4.39
2596,362,2025-08-26,864,23,323,11.39
2597,62,2025-09-13,840,17,308,15.27
2598,248,2025-08-31,859,17,329,10.36
2599,27,2026-05-02,820,21,364,15.25
2600,426,2026-07-12,866,17,308,7.9
2601,378,2026-05-02,863,21,309,18.54
2602,234,2025-02-05,798,29,339,12.99
2603,91,2026-08-05,866,19,316,4.84
2604,75,2025-01-11,852,14,328,17.1
2605,303,2025-01-18,893,14,295,4.47
2606,429,2025-09-23,868,19,326,8.32
2607,424,2025-03-19,904,18,310,12.84
2608,53,2025-02-24,896,19,285,4.94
2609,426,2025-08-12,868,20,322,18.78
2610,413,2026-05-15,831,18,317,8.43
2611,421,2025-05-30,861,19,319,6.24
2612,282,2025-09-22,884,24,283,18.75
2613,122,2026-01-20,816,16,329,11.15
2614,466,2025-03-16,865,13,316,15.03
2615,103,2025-01-20,876,22,331,7.21
2616,334,2026-06-04,906,22,317,21.86
2617,333,2026-03-01,796,26,326,17.06
2618,425,2025-12-04,881,14,324,4.95
2619,54,2026-06-20,928,13,322,14.2
2620,482,2025-03-13,826,20,318,5.08
2621,209,2025-01-18,843,16,304,12.72
2622,299,2025-10-31,877,12,312,19.45
2623,285,2025-12-10,880,16,314,14.59
2624,34,2026-03-02,897,17,323,21.17
2625,220,2026-06-12,804,21,325,16.04
2626,139,2026-07-11,875,13,290,10.0
2627,100,2026-07-25,856,19,299,11.52
2628,89,2025-01-23,792,12,346,10.94
2629,457,2026-03-18,840,19,323,16.96
2630,435,2026-08-15,873,19,289,5.73
2631,103,2026-08-25,831,13,338,18.92
2632,436,2026-02-10,825,22,280,9.99
2633,488,2025-03-18,865,20,318,10.56
2634,380,2026-02-21,910,22,334,11.61
2635,75,2025-07-01,847,16,332,14.58
2636,51,2025-05-23,883,14,311,10.51
2637,196,2025-05-27,885,17,331,14.12
2638,24,2026-08-18,870,22,326,7.93
2639,86,2026-07-14,852,19,342,15.32
2640,82,2025-02-26,857,21,300,15.81
2641,11,2025-01-02,808,11,314,13.67
2642,305,2025-09-15,809,21,342,7.82
2643,170,2026-01-25,864,11,343,5.93
2644,196,2026-01-20,850,11,305,5.45
2645,433,2025-07-14,874,23,319,13.66
2646,189,2026-08-21,829,16,275,15.27
2647,19,2025-11-07,908,28,309,11.42
2648,271,2025-07-04,873,12,312,8.28
2649,83,2026-04-12,894,15,335,22.08
2650,289,2025-02-22,851,18,318,11.08
2651,375,2025-04-06,847,17,322,13.53
2652,387,2026-05-30,846,20,308,13.12
2653,170,2025-03-19,851,23,316,6.78
2654,24,2026-01-26,857,13,324,17.45
2655,316,2026-04-28,894,16,353,19.85
2656,483,2025-11-25,895,9,316,18.61
2657,83,2026-03-12,887,13,346,17.2
2658,85,2025-06-21,870,17,323,20.41
2659,30,2025-04-20,884,18,342,13.58
2660,241,2025-04-09,881,21,337,7.76
2661,379,2026-05-17,856,24,308,11.0
2662,340,2026-06-08,873,20,320,5.96
2663,111,2025-03-17,855,20,335,14.95
2664,241,2025-10-25,853,21,339,12.57
2665,141,2025-01-07,863,21,306,20.35
2666,380,2025-03-01,818,14,318,12.06
2667,53,2025-08-04,889,14,329,11.34
2668,72,2025-06-13,799,29,317,19.01
2669,78,2025-07-17,866,12,339,7.02
2670,75,2025-03-03,856,7,305,10.23
2671,306,2025-08-17,874,17,303,4.85
2672,151,2025-06-08,821,14,359,16.79
2673,250,2025-06-08,833,19,299,17.41
2674,110,2025-11-20,845,23,333,16.0
2675,374,2025-07-16,826,19,339,7.98
2676,253,2025-04-30,848,13,318,17.12
2677,332,2026-03-26,847,16,356,14.22
2678,160,2026-07-29,793,13,359,13.87
2679,439,2025-12-22,883,18,308,18.02
2680,479,2026-08-11,836,21,295,6.1
2681,231,2026-02-22,867,20,321,14.11
2682,276,2025-06-10,832,12,298,17.62
2683,470,2025-07-27,864,18,347,8.59
2684,347,2026-08-26,832,22,324,19.08
2685,399,2026-02-15,795,12,313,8.01
2686,28,2025-08-29,866,23,314,8.27
2687,69,2025-08-18,832,19,337,5.07
2688,272,2025-08-05,832,17,325,5.64
2689,333,2026-03-03,906,19,348,8.76
2690,484,2025-09-06,877,20,321,6.9
2691,485,2025-07-18,886,14,313,20.37
2692,266,2026-04-21,859,17,318,9.56
2693,310,2026-03-25,843,12,325,15.63
2694,380,2025-05-05,822,17,329,18.48
2695,301,2026-07-24,818,15,328,18.42
2696,291,2026-03-11,873,13,304,9.35
2697,180,2026-07-19,906,20,330,22.52
2698,322,2025-05-03,794,18,308,17.54
2699,294,2025-05-18,830,18,341,9.89
2700,159,2026-02-09,900,18,297,16.36
2701,291,2025-07-20,885,16,287,13.92
2702,280,2026-06-18,825,17,290,12.01
2703,260,2025-04-23,763,9,343,11.9
2704,321,2026-02-02,895,15,316,13.44
2705,204,2025-08-21,860,21,320,15.3
2706,169,2025-07-29,842,20,311,15.76
2707,132,2026-02-13,826,19,336,19.28
2708,424,2026-05-30,878,20,298,7.8
2709,477,2026-05-12,872,13,317,4.79
2710,118,2025-03-29,879,24,304,14.06
2711,330,2025-04-09,837,17,310,14.54
2712,460,2025-10-09,895,13,327,17.97
2713,216,2026-02-09,868,19,309,6.36
2714,215,2025-07-22,882,11,304,14.25
2715,102,2025-05-07,832,19,310,10.6
2716,461,2025-01-15,879,20,309,16.16
2717,235,2025-04-12,852,21,320,9.67
2718,354,2025-03-29,827,19,310,11.73
2719,247,2025-10-13,863,19,315,20.4
2720,211,2025-07-05,873,18,330,21.05
2721,50,2025-07-22,879,15,308,8.62
2722,282,2025-03-30,844,15,314,20.53
2723,439,2025-10-26,807,19,324,10.74
2724,111,2026-01-03,864,18,312,14.77
2725,389,2026-03-24,853,20,291,7.62
2726,384,2025-01-31,882,16,329,10.43
2727,298,2025-07-03,822,18,307,17.46
2728,329,2026-04-12,841,20,312,13.25
2729,220,2026-01-16,859,20,324,9.75
2730,281,2025-07-24,832,14,329,11.15
2731,215,2026-07-27,863,18,308,21.03
2732,6,2026-02-18,832,12,320,19.75
2733,133,2026-03-06,906,16,302,22.5
2734,196,2025-08-17,837,15,319,9.37
2735,412,2026-07-05,846,23,301,13.63
2736,394,2025-07-14,869,18,302,15.62
2737,467,2025-11-02,910,15,330,19.43
2738,450,2026-01-05,874,12,294,15.99
2739,143,2026-02-28,858,17,310,20.3
2740,478,2026-07-22,837,14,294,6.14
2741,414,2026-03-12,875,15,327,21.25
2742,112,2025-04-05,862,15,317,4.74
2743,277,2026-04-24,858,16,337,6.62
2744,197,2025-08-06,778,18,299,13.62
2745,339,2025-05-19,857,13,323,9.15
2746,421,2026-08-05,857,12,335,7.89
2747,65,2025-05-19,847,19,321,19.35
2748,296,2026-04-28,822,16,300,10.23
2749,218,2026-06-29,832,16,308,5.71
2750,161,2026-02-23,847,22,334,11.96
2751,464,2026-06-15,890,13,304,15.36
2752,193,2026-05-21,846,14,333,19.61
2753,136,2026-08-23,809,17,321,20.05
2754,91,2026-04-08,823,19,327,4.31
2755,172,2025-09-14,821,23,325,13.37
2756,74,2026-07-14,845,16,329,13.52
2757,147,2026-07-11,825,12,317,16.44
2758,478,2025-04-14,868,8,330,18.89
2759,86,2025-04-11,859,15,312,7.45
2760,48,2026-06-13,841,16,324,14.52
2761,46,2026-06-18,901,16,368,6.4
2762,267,2026-06-30,891,8,326,21.48
2763,379,2026-02-01,971,22,355,14.61
2764,161,2025-01-15,824,14,325,4.43
2765,303,2026-03-21,892,13,317,7.61
2766,80,2025-02-25,883,14,305,16.44
2767,233,2025-01-24,819,13,341,16.53
2768,282,2025-04-04,835,15,328,20.54
2769,230,2025-02-15,840,13,316,12.66
2770,203,2025-11-04,876,18,346,7.74
2771,457,2026-06-06,899,17,316,5.99
2772,485,2025-02-24,840,31,334,19.45
2773,478,2025-06-17,903,23,316,4.89
2774,203,2025-01-26,844,14,320,15.1
2775,384,2026-06-30,855,15,325,20.34
2776,244,2025-03-19,831,15,325,11.09
2777,299,2025-06-05,877,16,293,7.93
2778,330,2025-06-13,841,22,313,8.34
2779,27,2026-03-14,837,15,345,8.32
2780,251,2025-10-26,841,19,315,5.31
2781,85,2025-11-22,886,21,329,5.3
2782,435,2026-01-09,838,19,309,7.45
2783,497,2025-01-25,882,15,343,12.55
2784,314,2025-08-06,851,15,330,15.22
2785,365,2026-04-20,783,19,318,4.85
2786,128,2025-01-14,819,15,310,6.01
2787,411,2026-04-11,790,24,335,16.04
2788,267,2025-08-30,859,22,314,18.42
2789,5,2025-03-04,868,23,306,16.95
2790,318,2025-03-01,836,13,330,8.93
2791,122,2025-10-02,857,18,305,19.9
2792,374,2026-02-10,845,15,315,10.19
2793,189,2025-06-18,812,20,320,9.27
2794,254,2026-05-24,876,19,312,4.41
2795,25,2026-03-05,819,8,297,7.28
2796,44,2026-07-30,837,15,339,6.2
2797,174,2026-01-13,843,19,324,9.04
2798,401,2025-11-26,859,19,291,7.61
2799,479,2026-07-20,878,11,317,12.72
2800,461,2026-03-02,823,18,329,7.84
2801,161,2026-05-27,850,20,329,15.04
2802,355,2025-10-15,876,21,316,7.75
2803,136,2026-04-07,819,16,299,6.41
2804,385,2025-01-03,884,17,332,5.02
2805,269,2025-09-29,856,23,344,13.33
2806,239,2025-01-19,857,7,323,14.01
2807,320,2025-11-07,819,19,304,19.09
2808,390,2025-11-19,871,17,317,12.88
2809,145,2026-06-22,849,18,311,5.54
2810,206,2025-08-01,877,25,311,17.95
2811,144,2026-04-13,881,18,331,16.41
2812,9,2026-08-18,853,17,316,5.04
2813,345,2026-01-27,904,25,320,7.12
2814,213,2025-01-14,843,16,308,9.42
2815,331,2025-03-26,858,21,321,5.92
2816,492,2025-05-16,869,17,320,8.2
2817,358,2025-11-13,844,12,335,16.51
2818,239,2026-06-20,837,15,266,14.55
2819,10,2026-06-22,853,21,357,14.99
2820,317,2025-12-01,879,14,310,15.95
2821,212,2025-03-07,839,12,333,12.87
2822,482,2025-08-14,835,25,316,20.16
2823,304,2025-10-03,849,17,298,11.96
2824,263,2026-08-27,883,23,284,9.89
2825,146,2025-02-17,878,12,323,16.23
2826,222,2025-10-14,872,33,264,21.46
2827,245,2026-01-05,907,17,270,19.67
2828,90,2026-05-20,807,23,339,8.43
2829,135,2026-01-28,872,20,308,16.51
2830,483,2025-10-12,817,20,355,14.46
2831,214,2026-04-24,851,10,320,15.17
2832,84,2025-07-06,838,17,294,13.12
2833,335,2026-08-28,861,18,341,7.35
2834,464,2025-08-30,866,16,342,15.74
2835,297,2025-06-24,851,22,317,14.11
2836,481,2025-09-26,861,20,315,13.26
2837,356,2025-03-24,819,14,346,11.2
2838,304,2025-08-10,857,18,308,5.76
2839,98,2025-08-31,798,20,351,4.27
2840,226,2026-04-18,839,9,359,6.28
2841,165,2025-03-09,843,19,325,20.09
2842,243,2026-01-18,824,18,343,7.76
2843,372,2026-03-27,855,19,320,16.17
2844,410,2025-05-05,806,20,322,14.4
2845,408,2025-05-30,833,17,313,10.16
2846,8,2025-06-22,815,21,311,8.7
2847,11,2025-05-13,809,11,366,11.12
2848,342,2025-10-09,827,22,332,12.9
2849,420,2025-10-04,802,21,309,18.19
2850,58,2026-04-04,873,9,311,21.35
2851,201,2026-06-19,817,21,325,17.02
2852,273,2025-11-11,821,19,309,14.31
2853,384,2025-04-22,896,22,344,12.95
2854,113,2025-12-10,913,20,308,8.49
2855,70,2025-02-03,837,18,319,5.66
2856,180,2025-05-20,847,15,360,18.57
2857,378,2026-01-07,825,14,293,20.31
2858,402,2025-05-14,878,18,317,5.36
2859,320,2025-06-23,803,13,310,7.26
2860,23,2025-04-02,851,23,298,13.91
2861,412,2026-07-20,870,18,304,21.6
2862,133,2025-10-31,856,20,336,21.04
2863,315,2026-03-31,834,15,318,6.5
2864,238,2025-12-03,845,13,345,7.54
2865,73,2025-01-29,855,21,301,15.67
2866,207,2025-08-07,841,14,339,8.45
2867,432,2026-03-17,807,16,325,15.94
2868,133,2025-05-17,827,18,310,13.79
2869,460,2025-02-02,884,25,316,14.2
2870,4,2025-05-04,921,10,318,7.84
2871,6,2026-05-07,852,19,329,5.06
2872,393,2025-02-26,820,12,298,9.81
2873,171,2026-05-20,810,16,343,9.0
2874,417,2026-01-16,874,16,316,20.14
2875,19,2025-12-17,867,14,304,11.02
2876,461,2025-06-05,877,14,312,5.36
2877,42,2026-02-16,874,12,327,7.06
2878,31,2026-01-27,930,18,330,13.63
2879,196,2026-01-08,824,26,345,4.83
2880,112,2026-08-22,791,16,348,11.45
2881,348,2026-07-22,809,20,323,11.82
2882,478,2025-08-17,847,14,329,16.25
2883,153,2025-08-11,815,20,296,13.39
2884,33,2026-08-07,785,14,352,8.67
2885,296,2025-12-26,894,13,328,16.52
2886,258,2026-02-07,893,13,297,8.29
2887,7,2025-10-09,876,16,326,17.08
2888,272,2025-02-23,894,13,317,9.31
2889,430,2025-07-06,837,13,322,19.47
2890,443,2025-09-14,805,22,286,4.64
2891,327,2026-04-24,822,16,353,18.64
2892,29,2025-04-06,807,15,331,4.97
2893,386,2026-05-12,853,20,319,16.15
2894,383,2026-05-14,828,18,325,7.17
2895,441,2026-03-06,809,22,324,10.42
2896,433,2025-03-16,831,19,339,17.51
2897,436,2025-06-11,864,13,323,5.95
2898,63,2025-01-22,794,22,299,12.14
2899,311,2026-07-01,854,16,311,13.74
2900,245,2025-06-14,870,14,314,7.18
2901,89,2026-03-26,806,23,312,9.4
2902,318,2025-12-23,861,13,333,5.98
2903,337,2026-05-04,870,23,343,7.06
2904,213,2026-07-28,857,12,309,6.04
2905,475,2025-05-03,828,11,321,14.58
2906,139,2026-03-18,835,15,317,8.16
2907,355,2025-10-12,822,16,283,4.8
2908,360,2025-02-13,854,23,337,16.86
2909,104,2026-05-21,843,24,311,17.97
2910,109,2026-03-20,900,14,321,18.79
2911,244,2026-01-10,828,18,328,20.44
2912,83,2025-03-12,855,19,325,17.44
2913,20,2025-01-04,843,24,298,11.16
2914,165,2026-07-24,808,14,315,11.32
2915,9,2025-05-27,850,10,280,18.55
2916,371,2025-09-12,814,18,308,8.87
2917,174,2025-10-11,854,10,341,9.63
2918,8,2025-01-22,867,19,335,5.26
2919,491,2025-11-11,843,21,318,20.07
2920,89,2025-04-13,884,17,319,15.75
2921,275,2025-05-26,859,13,383,4.66
2922,14,2025-11-25,874,22,310,18.99
2923,406,2025-05-13,847,20,335,13.1
2924,445,2026-03-08,824,16,308,5.47
2925,439,2026-04-22,828,11,289,19.81
2926,126,2026-06-25,836,15,336,12.78
2927,320,2026-06-15,837,19,322,19.01
2928,280,2025-10-22,870,18,307,18.66
2929,308,2025-02-22,851,8,299,19.55
2930,476,2026-01-13,861,21,349,21.22
2931,100,2026-07-10,872,18,327,16.95
2932,270,2026-03-29,831,19,312,6.59
2933,175,2026-06-13,834,20,309,8.48
2934,1,2026-04-08,886,10,314,12.96
2935,103,2026-07-28,893,16,345,9.35
2936,403,2025-03-22,804,15,309,19.93
2937,485,2026-04-21,849,22,326,20.18
2938,345,2026-04-16,840,20,336,7.4
2939,334,2025-08-07,822,22,329,11.35
2940,328,2025-01-11,847,27,309,10.61
2941,136,2025-05-08,796,14,313,14.86
2942,160,2026-04-02,824,17,321,9.86
2943,378,2025-08-29,831,18,308,11.69
2944,192,2025-11-30,854,21,337,9.73
2945,27,2026-04-22,840,13,304,9.73
2946,119,2025-03-20,829,16,315,10.09
2947,375,2025-04-30,840,17,326,10.16
2948,223,2025-12-23,833,21,350,18.89
2949,475,2025-10-20,845,20,315,8.07
2950,397,2025-02-11,827,18,306,4.54
2951,324,2025-09-19,915,15,331,18.39
2952,313,2026-02-11,872,16,319,16.98
2953,403,2026-05-24,846,17,320,10.09
2954,80,2025-12-30,845,12,333,12.83
2955,298,2025-12-17,818,16,318,17.39
2956,425,2025-01-18,882,26,318,16.15
2957,3,2025-01-29,844,21,344,6.18
2958,367,2025-06-26,869,14,325,18.03
2959,412,2025-05-27,846,21,333,16.65
2960,400,2025-03-29,862,18,340,16.86
2961,180,2025-06-20,842,17,362,9.73
2962,102,2025-08-16,868,22,285,5.36
2963,243,2025-07-14,857,15,311,19.46
2964,327,2025-01-21,834,15,323,15.89
2965,151,2026-08-06,891,24,335,4.82
2966,314,2026-04-20,852,21,309,17.94
2967,295,2026-06-22,911,27,321,5.52
2968,55,2025-03-25,853,14,314,6.68
2969,47,2026-04-13,864,18,335,11.78
2970,293,2025-08-05,879,13,300,15.0
2971,123,2026-01-28,909,19,318,17.54
2972,111,2025-10-13,851,12,355,14.55
2973,322,2025-07-02,825,18,319,7.99
2974,353,2026-03-15,830,23,321,16.07
2975,422,2026-01-16,852,16,314,20.59
2976,392,2026-05-09,788,27,334,17.86
2977,205,2025-12-01,832,26,328,10.98
2978,139,2025-03-06,860,22,307,16.42
2979,406,2025-03-02,842,16,316,5.32
2980,414,2026-08-26,819,15,341,9.22
2981,166,2025-11-02,834,11,306,14.33
2982,194,2026-08-16,876,16,310,8.9
2983,114,2026-08-10,840,12,318,4.35
2984,202,2025-10-20,806,17,316,9.71
2985,138,2025-10-17,860,16,303,18.34
2986,415,2025-09-20,813,10,320,14.78
2987,111,2026-02-22,780,12,337,4.45
2988,6,2025-07-28,818,16,307,19.75
2989,137,2025-10-03,874,24,317,14.23
2990,260,2026-03-07,836,25,328,16.44
2991,282,2026-05-16,865,19,317,12.95
2992,63,2025-08-12,781,17,365,12.74
2993,80,2026-03-27,849,23,306,14.16
2994,455,2025-10-18,867,18,324,18.47
2995,356,2026-01-20,857,14,305,9.48
2996,456,2025-12-22,912,21,331,19.96
2997,281,2025-10-05,874,14,308,12.29
2998,26,2026-04-01,866,24,339,8.98
2999,131,2026-03-01,874,21,328,17.35
3000,154,2026-02-14,884,23,332,14.02
3001,197,2026-07-14,890,22,303,17.47
3002,290,2025-11-16,879,12,343,16.46
3003,268,2026-03-21,840,13,331,19.65
3004,324,2025-09-25,870,15,335,4.43
3005,500,2025-09-30,820,18,295,16.75
3006,79,2025-09-19,827,19,316,11.11
3007,262,2025-10-21,866,14,305,9.59
3008,267,2026-03-18,936,19,318,17.81
3009,219,2026-06-17,903,19,290,4.74
3010,109,2025-08-17,832,15,333,15.83
3011,395,2025-03-24,870,18,296,4.87
3012,90,2026-07-28,857,12,321,15.81
3013,209,2026-01-19,867,15,309,18.78
3014,330,2026-02-23,846,20,337,14.66
3015,3,2025-02-03,830,13,325,18.08
3016,46,2025-12-12,862,18,322,10.96
3017,187,2025-07-01,828,16,309,7.3
3018,164,2026-01-10,814,29,321,19.17
3019,190,2025-10-13,811,17,317,8.05
3020,319,2026-04-04,873,17,326,11.91
3021,151,2025-09-09,797,11,322,12.42
3022,220,2025-03-28,816,15,314,14.78
3023,410,2025-05-11,892,14,322,5.89
3024,346,2026-05-19,826,24,320,8.62
3025,128,2026-02-01,829,21,350,17.91
3026,330,2025-08-17,838,16,357,13.5
3027,5,2026-03-16,826,20,332,10.2
3028,341,2026-06-01,816,15,320,16.1
3029,344,2025-01-10,849,25,312,13.11
3030,477,2026-02-16,827,21,302,14.89
3031,283,2026-06-09,903,22,340,17.62
3032,173,2025-12-07,830,15,365,14.86
3033,458,2025-09-16,865,22,330,14.49
3034,164,2025-02-05,844,15,300,10.91
3035,307,2025-02-26,856,20,298,13.77
3036,140,2025-11-24,850,19,299,9.27
3037,40,2025-09-22,861,26,349,18.05
3038,328,2026-08-08,874,18,330,16.78
3039,301,2026-01-05,910,11,290,11.34
3040,174,2026-01-10,845,13,311,14.65
3041,2,2025-03-30,857,18,306,15.52
3042,478,2026-01-25,812,10,303,16.89
3043,79,2025-10-04,868,12,309,17.5
3044,81,2026-01-22,858,17,355,5.55
3045,136,2025-06-04,860,24,326,8.26
3046,365,2025-04-17,870,15,308,8.44
3047,10,2025-01-02,867,13,321,17.72
3048,29,2025-03-20,815,21,284,11.91
3049,122,2026-03-08,840,17,329,11.49
3050,292,2025-08-24,846,12,302,7.1
3051,309,2026-01-24,831,15,313,10.02
3052,168,2026-04-04,838,10,313,14.1
3053,172,2025-06-12,827,15,317,6.41
3054,168,2025-07-20,847,14,304,13.73
3055,97,2026-06-03,833,20,328,9.3
3056,349,2025-09-04,861,18,303,7.7
3057,470,2026-01-03,886,19,311,21.67
3058,398,2025-05-23,883,13,329,10.26
3059,24,2026-01-30,863,17,318,20.76
3060,309,2026-06-09,882,16,296,10.0
3061,1,2025-03-20,855,18,349,12.31
3062,177,2026-06-07,830,18,311,16.69
3063,172,2025-10-20,863,21,352,14.48
3064,312,2025-10-04,818,23,310,18.63
3065,400,2026-05-12,864,16,319,16.75
3066,367,2026-02-18,838,16,292,5.81
3067,15,2025-06-23,860,15,333,18.13
3068,368,2025-02-11,873,26,335,4.91
3069,333,2025-12-26,928,17,312,9.42
3070,197,2025-10-23,855,15,335,19.21
3071,156,2025-04-10,805,27,325,7.23
3072,409,2026-01-30,854,19,355,6.23
3073,159,2025-05-25,844,23,332,10.57
3074,330,2026-03-30,826,20,331,13.4
3075,283,2026-02-18,840,17,320,9.02
3076,148,2026-01-04,869,23,303,7.52
3077,110,2025-08-08,847,17,363,10.01
3078,493,2025-09-16,804,22,317,11.98
3079,471,2026-04-30,829,21,313,16.41
3080,208,2026-08-30,848,20,339,9.5
3081,212,2025-12-13,800,13,342,7.99
3082,406,2025-12-16,836,21,304,5.55
3083,363,2025-12-17,867,19,298,12.35
3084,204,2025-08-03,873,9,318,4.49
3085,307,2026-06-08,839,13,339,15.1
3086,205,2025-08-01,828,12,258,5.59
3087,297,2025-01-04,833,12,336,11.62
3088,237,2025-08-22,900,19,285,4.77
3089,259,2025-09-04,856,20,307,10.44
3090,135,2026-08-10,877,16,320,7.98
3091,11,2025-11-01,862,23,295,17.95
3092,461,2025-11-11,816,15,334,7.93
3093,49,2025-05-21,855,19,344,10.05
3094,47,2026-06-09,838,14,331,4.56
3095,34,2025-09-29,926,18,334,15.99
3096,294,2025-01-02,851,15,310,6.94
3097,484,2025-06-18,819,13,315,6.05
3098,21,2025-07-14,849,20,318,12.81
3099,48,2025-07-10,862,15,273,6.07
3100,30,2025-08-14,891,15,337,11.25
3101,465,2026-05-28,859,21,337,8.51
3102,245,2026-04-20,814,17,317,8.38
3103,71,2026-06-02,877,15,306,11.65
3104,403,2026-06-27,863,19,326,18.41
3105,124,2025-11-23,835,20,328,12.55
3106,100,2025-12-29,844,11,325,17.8
3107,343,2025-10-27,847,20,354,5.21
3108,437,2026-02-05,845,15,286,11.18
3109,265,2026-06-29,836,19,333,14.26
3110,409,2025-04-03,855,11,326,21.19
3111,76,2025-04-28,849,19,339,20.07
3112,420,2025-11-08,860,23,306,13.89
3113,432,2025-04-19,854,12,307,17.96
3114,351,2025-11-26,856,16,322,14.92
3115,453,2026-08-23,861,13,308,13.29
3116,212,2025-10-17,844,9,347,14.46
3117,488,2026-01-18,776,24,330,8.28
3118,253,2025-03-21,865,27,321,9.58
3119,96,2025-04-22,822,22,312,12.84
3120,433,2025-09-11,837,17,296,17.05
3121,472,2025-01-13,927,16,357,7.85
3122,425,2026-05-28,897,13,338,17.89
3123,40,2025-05-08,851,17,319,16.23
3124,163,2025-12-25,850,19,336,19.29
3125,132,2025-10-24,833,18,282,16.11
3126,127,2025-02-14,875,14,331,12.71
3127,164,2025-05-14,810,26,295,8.05
3128,196,2025-10-17,890,19,345,13.99
3129,206,2025-08-25,851,23,325,17.57
3130,322,2025-08-21,850,10,276,15.15
3131,186,2026-08-24,856,23,320,11.98
3132,366,2025-04-12,889,13,321,21.08
3133,102,2025-02-15,889,14,323,7.94
3134,317,2025-08-22,864,17,298,20.58
3135,161,2026-07-06,874,21,327,10.98
3136,291,2025-05-31,858,22,296,7.65
3137,322,2026-02-23,860,23,327,10.1
3138,77,2025-02-21,828,23,326,4.75
3139,126,2026-06-24,865,19,307,8.32
3140,69,2026-06-03,873,16,295,6.6
3141,173,2026-04-11,914,20,323,18.38
3142,75,2025-12-11,890,20,317,20.0
3143,296,2025-01-18,842,14,351,4.62
3144,23,2026-02-18,859,17,317,9.03
3145,65,2026-03-28,858,16,331,18.22
3146,366,2025-02-18,861,20,321,10.17
3147,174,2026-07-21,838,22,331,11.44
3148,157,2025-02-21,829,21,320,9.97
3149,374,2025-08-23,826,16,331,6.5
3150,478,2025-06-15,872,21,306,5.91
3151,482,2025-06-26,885,20,330,11.88
3152,62,2025-04-25,896,19,326,21.56
3153,308,2025-11-04,845,19,326,10.53
3154,83,2026-01-20,834,17,276,17.44
3155,253,2026-01-13,847,21,323,10.7
3156,128,2025-04-09,832,17,345,6.47
3157,143,2026-02-07,854,19,322,6.97
3158,199,2025-08-16,822,14,326,6.51
3159,475,2026-02-08,846,18,329,6.26
3160,360,2025-05-29,887,23,322,10.94
3161,26,2025-04-20,815,17,305,6.55
3162,305,2025-12-17,903,15,327,11.82
3163,342,2025-12-15,870,23,332,9.86
3164,394,2025-08-27,826,22,304,13.74
3165,358,2026-03-30,831,8,336,11.85
3166,22,2026-08-31,899,13,304,6.25
3167,44,2025-06-13,806,14,336,15.82
3168,210,2025-10-19,844,16,315,18.59
3169,368,2025-05-22,856,18,313,7.55
3170,299,2025-12-19,868,18,306,15.33
3171,419,2026-05-18,869,20,290,5.54
3172,222,2026-04-27,824,20,327,15.77
3173,190,2025-09-21,825,26,322,12.47
3174,470,2025-10-30,863,10,321,6.94
3175,357,2025-08-21,895,15,326,15.95
3176,88,2025-10-07,861,23,294,15.51
3177,29,2026-08-01,852,18,313,6.98
3178,499,2025-01-13,780,13,327,8.21
3179,254,2026-04-10,859,17,340,8.04
3180,491,2025-07-08,843,18,321,4.67
3181,387,2025-06-11,872,18,319,19.6
3182,283,2025-10-08,855,20,352,13.45
3183,317,2025-06-10,858,24,320,10.02
3184,284,2025-09-06,818,22,329,19.93
3185,188,2026-06-10,894,16,328,11.87
3186,294,2026-07-13,787,18,314,5.04
3187,5,2025-10-10,888,20,328,21.86
3188,498,2025-10-19,784,16,306,8.29
3189,155,2025-07-10,819,26,306,11.32
3190,25,2025-06-09,848,17,307,17.49
3191,221,2025-08-31,856,27,316,18.83
3192,404,2026-02-11,853,22,319,18.83
3193,371,2026-04-15,856,18,306,6.11
3194,409,2026-01-17,833,21,317,15.66
3195,212,2026-01-17,839,13,344,4.61
3196,180,2025-01-28,887,14,312,14.06
3197,207,2025-08-13,829,21,314,17.58
3198,423,2025-07-13,870,23,325,11.67
3199,429,2026-04-14,898,22,343,9.1
3200,40,2025-01-08,834,19,315,14.83
3201,313,2026-03-06,891,13,332,13.3
3202,89,2025-10-21,810,17,305,5.95
3203,297,2025-09-25,878,17,313,6.75
3204,29,2025-05-10,841,20,326,7.14
3205,153,2025-02-12,784,22,331,16.81
3206,371,2026-01-01,845,22,322,6.2
3207,465,2025-03-17,882,19,331,6.94
3208,27,2025-01-26,864,25,331,15.36
3209,343,2025-01-26,826,18,314,8.12
3210,275,2025-03-25,819,26,291,6.93
3211,407,2025-05-19,859,18,300,18.99
3212,272,2025-04-17,823,14,317,12.17
3213,192,2025-04-13,887,16,303,15.18
3214,345,2025-12-04,868,11,334,12.39
3215,291,2025-07-03,888,21,321,6.84
3216,494,2025-07-29,834,13,314,8.47
3217,150,2025-12-19,890,13,317,11.83
3218,464,2026-04-01,774,18,306,7.68
3219,216,2025-05-14,850,10,324,13.32
3220,191,2025-04-04,856,20,281,5.46
3221,215,2025-03-14,842,23,332,6.24
3222,393,2025-06-02,834,24,302,13.78
3223,463,2025-06-10,863,13,296,20.15
3224,402,2025-05-27,842,11,347,17.89
3225,14,2026-05-30,841,17,339,13.8
3226,436,2025-02-13,859,20,300,7.66
3227,175,2026-03-27,878,21,309,13.96
3228,345,2026-06-23,875,17,327,14.47
3229,105,2025-10-26,846,18,323,15.75
3230,414,2025-12-25,863,18,333,5.12
3231,24,2025-06-13,809,28,328,10.35
3232,106,2025-04-30,840,25,317,16.32
3233,359,2026-07-26,851,17,333,9.68
3234,338,2025-12-18,871,18,297,16.75
3235,139,2025-02-13,817,28,316,13.23
3236,221,2025-11-05,873,18,304,17.39
3237,260,2025-04-24,830,16,290,6.13
3238,386,2025-06-19,832,18,286,7.24
3239,73,2025-10-13,872,17,335,16.03
3240,45,2026-02-02,872,18,333,10.5
3241,282,2026-05-07,846,11,327,20.9
3242,20,2025-04-12,790,14,291,11.24
3243,463,2026-03-28,851,25,295,5.46
3244,14,2026-06-15,869,23,335,7.55
3245,198,2026-06-18,822,14,349,12.27
3246,296,2026-05-01,886,13,315,7.24
3247,462,2025-07-16,865,14,322,11.61
3248,104,2025-11-12,801,19,305,8.59
3249,468,2025-02-04,825,17,334,12.63
3250,315,2025-08-08,858,17,342,13.1
3251,489,2025-09-19,849,22,321,17.13
3252,450,2025-01-20,834,16,342,18.67
3253,202,2025-07-17,880,14,308,17.4
3254,44,2025-05-05,828,14,308,5.89
3255,81,2026-07-21,847,21,309,10.77
3256,308,2026-05-05,875,8,329,13.68
3257,66,2025-09-10,812,16,307,9.88
3258,455,2025-12-10,827,9,350,18.97
3259,453,2026-03-27,787,13,332,16.95
3260,435,2025-04-19,829,15,305,9.27
3261,460,2025-05-23,848,22,325,7.26
3262,31,2025-05-04,844,11,329,14.86
3263,168,2025-08-23,828,17,333,19.62
3264,169,2025-07-23,847,11,316,19.86
3265,318,2025-11-06,867,17,308,13.41
3266,290,2025-02-14,840,12,330,19.11
3267,398,2026-01-29,887,18,302,6.53
3268,398,2025-01-18,859,15,319,13.49
3269,325,2025-02-18,855,17,315,20.49
3270,95,2025-07-27,844,18,326,11.31
3271,358,2025-02-18,867,17,325,8.57
3272,228,2025-02-25,877,23,297,21.16
3273,354,2025-05-21,843,18,323,15.29
3274,29,2025-12-02,898,15,306,15.47
3275,498,2025-04-22,808,17,307,13.65
3276,500,2026-05-08,843,20,312,14.28
3277,59,2025-06-08,882,9,347,12.07
3278,41,2026-05-13,835,15,320,5.8
3279,129,2025-09-30,854,16,328,12.32
3280,453,2025-10-27,848,18,335,15.44
3281,284,2026-05-02,811,22,331,12.75
3282,389,2025-08-23,865,10,322,21.36
3283,123,2026-03-07,860,21,324,9.86
3284,485,2025-09-02,817,24,311,7.05
3285,6,2026-04-24,832,21,336,18.58
3286,468,2025-02-23,875,25,310,11.8
3287,300,2025-04-26,836,23,333,12.65
3288,306,2025-05-01,890,22,336,22.01
3289,371,2025-03-15,857,18,350,7.65
3290,332,2025-05-10,861,20,314,18.97
3291,73,2025-03-18,848,18,341,11.67
3292,407,2025-06-07,837,27,354,19.15
3293,261,2025-02-02,892,15,325,4.76
3294,129,2025-07-01,843,18,328,11.51
3295,74,2026-02-05,881,16,338,9.64
3296,148,2025-02-12,840,19,325,14.95
3297,373,2025-07-22,857,12,306,13.21
3298,55,2025-04-05,823,9,339,10.55
3299,322,2026-04-10,920,19,329,18.98
3300,403,2026-05-02,818,12,324,9.58
3301,180,2026-05-14,849,23,319,15.39
3302,83,2025-08-23,857,21,317,16.72
3303,488,2025-10-29,818,15,333,5.43
3304,134,2025-04-17,832,15,330,15.09
3305,129,2025-06-27,902,16,355,19.38
3306,24,2025-12-26,857,22,317,5.51
3307,77,2026-03-17,846,21,328,12.02
3308,349,2025-07-05,843,21,326,10.15
3309,282,2026-03-13,866,8,339,17.78
3310,145,2025-06-07,828,23,332,18.93
3311,171,2026-02-04,824,22,305,6.77
3312,342,2025-04-07,917,17,342,21.0
3313,482,2025-01-13,872,19,305,18.07
3314,254,2026-03-15,781,18,315,18.28
3315,301,2025-08-11,823,11,354,9.8
3316,268,2025-12-09,851,18,331,7.91
3317,213,2025-04-13,882,18,322,20.15
3318,20,2026-01-13,849,15,300,14.53
3319,461,2026-04-29,840,25,294,8.22
3320,43,2026-05-13,877,18,329,4.54
3321,129,2025-03-14,820,16,332,17.03
3322,48,2025-06-15,845,19,314,6.83
3323,25,2025-02-05,878,17,313,18.92
3324,395,2025-09-21,865,25,323,14.47
3325,277,2026-05-05,857,14,295,16.01
3326,487,2026-02-07,853,23,318,9.37
3327,367,2026-05-15,909,12,260,15.83
3328,86,2025-12-26,847,20,281,12.03
3329,205,2026-08-12,906,28,340,16.24
3330,71,2025-08-11,881,20,342,17.81
3331,249,2026-04-06,835,18,293,20.66
3332,264,2025-07-26,801,25,335,11.81
3333,80,2026-06-24,866,12,302,12.72
3334,465,2025-02-18,848,18,337,6.37
3335,219,2026-03-29,841,20,317,14.03
3336,244,2026-02-10,845,22,355,13.23
3337,295,2025-05-06,891,15,319,10.38
3338,24,2025-01-18,834,15,304,18.26
3339,313,2026-02-07,802,16,300,11.35
3340,3,2025-12-09,859,17,347,13.19
3341,131,2025-02-18,828,16,293,12.38
3342,290,2026-07-31,825,14,318,13.07
3343,220,2026-07-04,891,21,337,5.44
3344,172,2025-01-28,848,12,283,15.62
3345,173,2025-02-02,867,26,309,9.2
3346,384,2026-04-13,853,26,315,19.27
3347,106,2025-07-12,869,20,325,12.2
3348,494,2025-04-11,827,17,333,15.47
3349,248,2025-03-31,810,19,332,15.56
3350,158,2025-07-13,850,19,326,8.41
3351,287,2026-07-24,860,22,320,7.93
3352,361,2025-04-17,804,18,312,4.7
3353,99,2025-12-10,845,34,349,8.12
3354,146,2025-08-26,910,32,318,22.68
3355,281,2025-04-21,854,9,322,20.19
3356,257,2026-04-02,833,16,334,12.76
3357,406,2026-06-23,877,22,320,5.48
3358,214,2025-12-12,851,19,302,8.73
3359,393,2026-04-27,876,21,291,6.4
3360,117,2026-05-27,827,11,281,10.48
3361,464,2025-08-06,837,22,328,11.58
3362,492,2025-08-24,890,14,280,10.42
3363,236,2026-04-06,854,19,321,18.37
3364,37,2025-01-19,833,13,298,18.63
3365,339,2026-04-15,900,23,291,12.51
3366,75,2025-04-02,826,13,319,15.33
3367,149,2025-04-19,856,14,315,7.74
3368,297,2026-07-08,865,19,332,14.98
3369,90,2026-01-05,846,19,311,4.58
3370,227,2025-08-07,863,17,322,6.26
3371,33,2025-12-18,820,19,322,17.13
3372,25,2026-08-16,861,15,340,7.15
3373,333,2025-11-15,818,23,348,14.96
3374,79,2025-12-23,908,16,335,16.15
3375,147,2025-10-13,883,17,326,8.0
3376,426,2026-07-15,934,16,330,10.26
3377,300,2025-07-25,838,18,322,18.2
3378,412,2026-01-29,863,20,321,8.46
3379,257,2025-08-27,854,18,331,5.42
3380,257,2025-07-29,838,19,327,14.41
3381,12,2025-11-28,826,17,290,15.26
3382,367,2026-02-20,789,26,307,18.99
3383,475,2026-01-01,863,24,328,17.31
3384,298,2025-03-14,833,15,337,10.67
3385,413,2026-07-14,847,17,296,16.45
3386,329,2026-07-31,876,20,315,18.91
3387,191,2025-03-30,838,21,344,11.84
3388,27,2026-02-24,847,21,343,5.75
3389,165,2025-10-19,844,19,321,18.81
3390,189,2026-07-06,819,23,310,17.63
3391,462,2025-05-11,878,13,314,11.6
3392,394,2026-02-09,805,15,294,19.69
3393,193,2026-05-24,869,25,294,16.78
3394,391,2026-03-05,842,18,353,4.22
3395,268,2025-04-28,866,18,355,9.47
3396,307,2025-03-29,856,21,332,15.22
3397,379,2025-06-12,801,13,303,15.39
3398,337,2025-06-24,877,19,348,12.62
3399,467,2025-08-31,832,21,304,4.34
3400,377,2025-12-21,875,11,326,19.77
3401,37,2026-08-12,799,18,308,12.36
3402,248,2026-03-11,869,22,311,11.86
3403,237,2025-11-12,819,23,335,12.39
3404,273,2026-04-02,782,12,297,14.23
3405,109,2026-05-26,851,15,326,16.19
3406,152,2026-07-05,839,17,308,19.11
3407,43,2025-08-15,843,17,348,12.67
3408,431,2025-01-23,817,17,311,10.38
3409,5,2025-07-09,850,19,338,7.69
3410,289,2025-08-25,859,16,294,11.94
3411,103,2025-04-27,893,19,317,14.44
3412,409,2025-03-14,875,13,316,13.46
3413,127,2026-02-06,812,22,325,4.8
3414,51,2025-07-17,868,10,301,5.53
3415,256,2025-12-18,849,27,328,10.82
3416,408,2026-05-27,877,19,299,16.14
3417,34,2025-06-08,850,17,324,19.55
3418,146,2026-02-12,831,19,330,8.7
3419,39,2025-11-15,811,19,318,18.38
3420,110,2025-05-22,870,21,329,7.5
3421,34,2025-10-13,900,18,335,18.65
3422,211,2026-05-19,887,16,319,19.89
3423,215,2025-12-01,797,14,347,12.7
3424,356,2026-05-25,838,15,336,16.77
3425,326,2025-03-15,915,23,313,11.41
3426,159,2025-07-20,820,21,335,14.54
3427,35,2025-12-22,794,24,323,7.63
3428,210,2025-08-19,862,17,320,4.75
3429,125,2025-12-06,812,16,303,12.88
3430,31,2025-04-13,878,17,331,5.08
3431,223,2025-09-04,910,14,301,15.55
3432,359,2026-02-08,833,13,335,5.35
3433,432,2025-04-23,810,18,290,7.17
3434,20,2026-06-15,836,14,371,15.82
3435,17,2025-01-16,823,18,332,4.19
3436,398,2025-01-25,860,16,315,12.21
3437,220,2025-01-15,843,17,322,6.59
3438,169,2025-10-21,842,23,332,11.33
3439,28,2026-02-15,893,21,336,5.07
3440,384,2025-04-29,842,21,327,5.41
3441,251,2026-07-20,897,11,318,5.53
3442,311,2025-05-15,838,21,317,19.4
3443,135,2025-02-25,817,21,321,16.11
3444,265,2025-10-12,824,24,314,15.75
3445,410,2026-02-01,831,16,321,14.5
3446,337,2026-07-10,812,14,313,8.73
3447,345,2026-04-23,841,20,343,11.92
3448,460,2025-12-27,844,16,293,18.43
3449,449,2025-04-08,863,17,312,11.7
3450,146,2026-02-06,893,23,328,16.92
3451,59,2025-12-29,880,17,322,16.15
3452,278,2025-11-11,869,16,328,18.98
3453,280,2025-05-31,847,19,308,16.55
3454,356,2025-05-17,875,13,333,9.93
3455,493,2025-07-06,838,15,324,12.14
3456,461,2025-06-14,822,18,313,17.79
3457,113,2026-05-17,832,15,336,5.38
3458,331,2025-06-19,829,17,297,6.66
3459,353,2026-08-21,868,14,306,14.67
3460,32,2026-03-02,853,10,305,18.08
3461,252,2025-02-23,843,22,296,13.32
3462,276,2026-07-06,878,12,337,16.68
3463,219,2025-11-21,822,29,337,18.09
3464,176,2025-06-19,872,21,325,19.44
3465,15,2026-05-08,823,21,324,16.41
3466,212,2025-03-01,799,17,305,9.03
3467,395,2025-09-20,871,22,309,10.0
3468,248,2025-06-16,814,25,349,17.78
3469,108,2025-06-29,837,14,281,17.78
3470,94,2025-06-10,862,16,328,5.03
3471,371,2026-05-05,830,23,332,14.04
3472,128,2026-01-17,842,20,298,12.33
3473,434,2026-05-18,858,9,323,14.32
3474,53,2025-03-14,855,17,310,11.46
3475,333,2026-03-07,851,20,338,5.53
3476,454,2025-02-14,833,10,304,5.38
3477,457,2025-01-17,871,19,303,7.25
3478,133,2026-06-06,823,13,310,4.2
3479,131,2026-05-23,838,16,329,13.69
3480,43,2025-01-24,840,17,336,15.72
3481,108,2025-11-03,831,17,322,13.82
3482,47,2025-07-11,856,18,341,8.78
3483,360,2026-05-09,789,18,308,11.34
3484,99,2025-05-29,865,18,309,18.74
3485,201,2026-07-03,855,19,335,14.09
3486,389,2025-04-11,806,26,298,11.73
3487,112,2026-08-05,879,20,282,10.36
3488,465,2026-02-13,820,23,325,5.76
3489,248,2025-11-09,850,22,324,18.29
3490,388,2025-03-07,866,18,338,13.17
3491,274,2026-02-06,858,11,318,10.25
3492,262,2026-08-22,836,21,329,5.74
3493,227,2025-11-03,852,18,308,11.31
3494,450,2025-04-08,853,16,335,17.07
3495,99,2026-06-28,861,15,363,7.99
3496,383,2025-06-18,850,22,347,13.52
3497,146,2025-09-07,806,21,330,4.36
3498,471,2026-06-30,835,20,334,4.79
3499,285,2025-06-17,800,13,309,10.87
3500,288,2026-06-27,823,26,333,5.29
